host,hub,msg,day,ip,answ
philum.net,philum,"Ce module permet de communiquer avec le serveur Philum. Ce message est provient du ""father_server"".rnPosez ici toutes vos questions, rapports de bugs, suggestion d'évolution...rnCertains messages relatifs aux mises à jour (réformes) peuvent apparaître ici.rnTous les utilisateurs peuvent communiquer et échanger via ce module.rnPensez à effacer les messages obsolètes.",110104,imu137.infomaniak.ch,
philum.net,philum,"Notes de mis à jour à partir de la version 110125 :rnAjout de quelques classes css. Pour ajouter les nouvelles définitions, activer 'update' dans css_builder.",110131,imu137.infomaniak.ch,
philum.net,philum,"Question : Comment supprimer un article ?rn- pas de suppression possible. on peut le dépublier, on peut le mettre dans une catégorie non publique (catégorie précédée d'un ""_"" comme ""_system""), on peut effacer son contenu et le réutiliser, mais jamais supprimer l'ID d'un article, dont la date reste inchangée.",110304,imu137.infomaniak.ch,
philum.org,philum,"Le serveur de blogs est désormais sur http://philum.org/ (chez OVH)",110320,gw4.ovh.net,
philum.net,philum,"Mise en conformité avec les serveur en php4 : chat, module 'text', affichage des modules, 'tickets', et trackbacks.",110405,imu137.infomaniak.ch,
philum.org,philum,"Désactivation de la restriction 'explicit_url' (qui produit des URL explicites...) jusqu'à l'amélioration du système qui enquête sur les doublons. rnPour l'instant, cette option se comporte toujours comme si elle était désactivée même si elle ne l'est pas.",110412,gw4.ovh.net,
philum.org,philum,"Le flux rss a été (presque) mis en conformité avec la norme W3C ;",110417,gw4.ovh.net,
philum.org,philum,"Désormais le nom du hub engendre automatiquement un sous-domaine (hub.philum.org au lieu de philum.org/hub).rnrnDe ce fait, c'est sur cette nouvelle adresse qu'il faut se loguer.",110421,gw4.ovh.net,
philum.net,philum,"Sur Free il arrive que les pages se chargent mal.rnC'est pourquoi le 'ok' (dans update) est devenu un bouton 'force_download'.",110421,imu137.infomaniak.ch,
pat.philum.org,pat,"Argh ! Je n'arrive pas à importer ou à enregistrer un article : http://www.pauljorion.com/blog/?p=23737rnPeut-être est-il trop long ?",110427,gw4.ovh.net,
philum.net,philum,"Les définitions d'importation de site viennent d'être  mises à jour pour ce site.rnMais ça marchait avec les anciennes (le footer du site était pris en compte).rnSeulement si un article est extrêmement long (10%), si il contient des caractères qui sont mal interprétés (10%) ou simplement si le serveur refuse la requête (80% des échecs) alors il arrive que ça plante le serveur (qui impose 3 minutes avant de redevenir opérationnel). Les échecs représentent environ 5% des importations.rnrnConcernant les définitions d'importation de sites, dans admin/config/18 (public_defcons off/on) on peut passer d'une base à l'autre, la publique ou la privée. rnrnLa privée doit être mise à jour régulièrement, dans l'éditeur externe '/plug/01L.php' (qui lui fonctionne toujours).rnLa base public peut être actualisée par n'importe qui, ce qui la rend dangereuse.rn(avantages et inconvénients pour chacune)rnrnSi vous ajoutez des définitions, mieux vaut le faire sur la base privée et informer la base publique ensuite, puisque cette dernière est souvent mise à jour.rnMais tant qu'il n'y a pas beaucoup de monde sur le serveur, la base publique reste très fiable.",110427,imu137.infomaniak.ch,10
pat.philum.org,pat,"Cela a fonctionné en deux temps : création d'un article ""vide"", puis copier/coller du code issu de l'importation (dans une autre fenêtre) dans l'article vide, puis sauvegarde. Car en importation directe, cela générait une erreur SQL... Étrange !",110427,gw4.ovh.net,10
philum.philum.org,hubs,"L'ancienne procédure peut parfois sauver des nouvelles ;rnune plus ancienne encore consiste à convertir le code source manuellement dans l'éditeur externe, en spécifiant la source pour informer les images. rnmais dans ce cas, ça reste un mystère, parce que ça a l'air de fonctionner normalement (donc merveilleusement)",110427,gw4.ovh.net,10
pat.philum.org,pat,"Deux petits soucis d'affichage :rnhttp://pat.philum.org/module/Tracks (Warning: Missing argument 4 for art_read_b() in art.php on line 355)rnhttp://pat.philum.org/module/Plan (affichage sur 1 seule colonne)",110502,gw4.ovh.net,
philum.net,philum,"Dans le module 'pager' il y avait un oubli suite à une réforme,rnsi c'est pas en affichant cette page que provient cette erreur, c'est que free a négligé de charger une page, ce qui arrive parfois.",110502,imu137.infomaniak.ch,14
pat.philum.org,pat,http://philum.info/module/Tracks,110503,gw4.ovh.net,14
philum.net,philum,"ah oui, ouch, ça fait mail ! corrigé.",110503,imu137.infomaniak.ch,14
pat.philum.org,pat,"Y-a-t-il un lecteur mp3 dans les outils de mise en page des articles ?",110506,gw4.ovh.net,
philum.net,philum,"La présence d'un lien '.mp3' dans l'article fait automatiquement appel à un lecteur Flash très simple ; ex: [http://site.com/audio.mp3] ou des documents uploadés [audio.mp3]",110506,imu137.infomaniak.ch,18
pat.philum.org,pat,"Génial ! Merci.",110506,gw4.ovh.net,18
pat.philum.org,pat,"Et pour les flv ?rn[http://source.com/fichier.flv] ne fonctionne pas chez moi !rnC'est bizarre car les codes sources sont les mêmes :rnhttp://philum.info/52759rnvsrnhttp://pat.philum.org/625rnLa seule différence est ""un espace après <br /> et un CRLF"" :rn</object><br /><a onclick=rnvsrn</object><br /> rn<a onclick=",110507,gw4.ovh.net,
philum.net,philum,"pour les .flv c'est le même principe bien sûr, ce qui permet de n'avoir à prendre que la source (http.site.com/video.flv] ; l'importateur essaie autant que possible du suprimer les balises object d'origine mais si il n'y arrive pas, il faut prendre l'url dans la source.Le 'onclick' fait forcément référence à un script qui n'existe que sur la page d'origine, c'est pourquoi il vaut mieux tout bazarder et ne garder que l'url de la vidéo.",110507,imu137.infomaniak.ch,21
pat.philum.org,pat,"C'est ce que j'ai fait mais les vidéos ne s'affichent pas :rnhttp://pat.philum.org/625rnrn[http://www.ovnis-usa.com/VIDEOS/Global_Competitiveness-Nick_Pope-jan2011.flv] pour la première vidéo",110507,gw4.ovh.net,21
philum.net,philum,"heureusement que je le savais, les sources avaient souffert (du voyage) j'ai dû simplement les remettre sur le serveur, et maintenant ça marche.",110507,imu137.infomaniak.ch,21
pat.philum.org,pat,"OK nikel, merci !",110507,gw4.ovh.net,21
philum.net,philum,"Désormais les Tickets apparaissent simultanément sur la liste philum@googlegroups.com",110509,imu137.infomaniak.ch,
pat.philum.org,pat,"Le module best_arts est obsolète !rnY-a-il un autre module offrant les mêmes fonctionnalités ?",110525,gw4.ovh.net,
philum.net,philum,"Oui (pardon pour l'absence d'information) c'est devenu le module 'most_read' ; qui permet de spécifier l'étendue temporelle et le nombre d'articles à y afficher",110525,imu137.infomaniak.ch,27
pat.philum.org,pat,"Les articles de plus d'un mois n'apparaissent plus ! Est-ce normal ?",110526,gw4.ovh.net,
philum.philum.org,philum,"C'est normal du point de vue du logiciel : par défaut le paramètre admin/config/param/global/nb_days est à 'auto' où la fréquence est de 50 articles par périodes (le cas d'un journal périodique). Le paramètre peut recevoir un nombre de jours (365) ou rester vide pour les garder tous, mais dans ce cas la recherche est plus longue.rnActiver le paramètre config/restrictions/access/time_system, permet au visiteur d'accéder aux anciens articles sans nuire à la performance (c'est surtout utile à long terme)",110526,gw4.ovh.net,29
pat.philum.org,pat,"OK, super je commence à mieux comprendre l'architecture du logiciel, mais maintenant que j'ai augmenté nb_days, il y a désormais un bug dans le module de recherche !",110528,gw4.ovh.net,29
philum.net,philum,"je suis allé voir, mais laquelle est-elle ?",110528,imu137.infomaniak.ch,29
pat.philum.org,pat,"Bon alors avec nb_days = 90 pas de bug !rnMais avec nb_days = 365, bug !rnDonc je reste à 90 jours !",110528,gw4.ovh.net,29
philum.net,philum,"je vais faire un test maintenant",110528,imu137.infomaniak.ch,29
philum.net,philum,"ok c'est juste un défaut de masquage de non résultat ; par contre il y a un problème avec les accents, à résoudre d'urgence",110528,imu137.infomaniak.ch,29
philum.net,philum,"résolu !",110528,imu137.infomaniak.ch,29
pat.philum.org,pat,"Il y a un autre petit problème pénible avec les ""apostrophes"" figurant dans le titre et le corps des articles (en création et en mise à jour), même avec l'outil d'importation (uniquement pour les titres).rnC'EST (chr 27) ne bug pas !rnC%u2019EST (chr 147) bug -> SQL insert et SQL updaternrnJe pense qu'en gros, il doit manquer une conversion des caractères (chr147) en (chr27) avant les SQL insert et SQL update",110529,gw4.ovh.net,
philum.philum.org,philum,"ok, en principe les apostrophes typographiques sont carrément interdites, tout est normalisé avec les apostrophes normales, pour ensuite faciliter la gestion et la recherche ; et d'autre part le système de slashes dépend de la version de php, ce qui est une approximation douteuse ! (primitive) ; des modifications sont en cours sur le serveur, ne vous étonnez pas si ça part en vrille aujourd'hui !",110529,gw4.ovh.net,37
pat.philum.org,pat,"ok merci parce que les apostrophes typographiques chr(147) sont très souvent utilisées sur les blogs et sites internet !rnCela demandait donc, après les messages d'erreurs SQL, de faire des remplacements ""manuels"" sur les titres de certaines pages importées et sur l'ensemble des pages copiées/collées en manuels !",110529,gw4.ovh.net,37
philum.philum.org,philum,"un bout de scotch (mysql_real_escape_string()) a été ajouté pour ne pas paralyser le serveur, réparer l'erreur découverte, et ne pas en rajouter 3500 autres !rn(après c'est une question de portabilité)",110529,gw4.ovh.net,37
philum.org,dev,"ok, j'ai rétabli la version sans le bout de scotch qui fait mal,rnsimplement les apostrophes typographiques ne sont pas supportées.",110529,gw4.ovh.net,37
pat.philum.org,pat,"Argh !!!rnEn mode ""edit"" des articles, l'éditeur oublie de retirer les anti-slashes, ou en rajoute, devant les apostrophes !rnIdem en mode ""open"", l'affichage rajoute des anti-slashes !rnCeci ne se déroule semble-t-il que sur les 3 articles que j'ai ajoutés aujourd'hui !",110529,gw4.ovh.net,37
pat.philum.org,pat,"Bon, je viens de supprimer manuellement les anti-slaches des 3 articles d'aujourd'hui.rnCela semble régler le problème.",110529,gw4.ovh.net,37
philum.org,dev,"désolé pour la manipe !rnquand ça m'arrivais au début (résoudre les problèmes des apostrophes avait pris un certain temps) il suffit de faire un remplacement dans l'éditeur ; rntoute la complexité vient du fait qu'il y a de très nombreux endroits où l'info est enregistrée et affichée, toujours de manières différentes, et que ça doit marcher sur tous les serveurs.rnle problèmes des AT semble résolu.",110529,gw4.ovh.net,37
philum.net,philum,"Dans l'aide à l'édition le bouton de mise en forme ':t' est passé au second plan (dans html) pour inciter à utiliser les balises h3, car la mise en forme html subsiste lors des échanges alors que la mise en forme n'est jamais prise en compte",110602,imu137.infomaniak.ch,
pat.philum.org,pat,"Pour en revenir au référencement par les moteurs de recherche, j'ai bien l'impression que tu as un problème (probablement syntaxique) dans tes fichiers robots.txt qui bloque l'indexation de tes sites !rnOUPS ! Je viens de m'apercevoir que tu viens juste de corriger le problème sur  http://philum.net/robots.txtrnBonne continuation...",110607,gw4.ovh.net,
philum.net,philum,"j'y travaille !rnen fait j'ai compris que robot.txt doit aussi indiquer le sitemap, que j'ai créé (et informé google) ; rnun outil permet aussi de signaler le méta 'google-verification' ; reste encore à rendre le robot.txt possible à informer des différents sitemap des hubs...rn(les conseils avisés font toujours très plaisir !)rn",110608,imu137.infomaniak.ch,46
pat.philum.org,pat,"Problème avec le module recherche :rnFatal error: Call to undefined function: stripos() in /homez.312/philum/www/prog/art.php on line 261",110628,gw4.ovh.net,
philum.info,dev,"bien vu !rnc'est une fonction php5 et récemment on a commencé à abandonner les fonctions qui faisaient émerger des fonctions php5",110629,imu137.infomaniak.ch,50
bruuu.philum.org,bruuu,"Bonjour,rnJe ne comprends pas comment on crée une catégorie. Dans la page catégorie, je peux changer le nom d'une catégorie ou la cacher, mais je ne vois rien pour en créer une nouvelle.",110810,gw4.ovh.net,
philum.net,philum,"Hello,rnLes catégories sont une émergence : la présence des articles détermine celle des catégories qui leur sont associées. De ce fait, (contrairement aux autres CMS) il n'est pas possible de créer une catégorie vide. rnDans chaque article, on associe les métas-mots tels que la catégorie, les tags, etc...rnY faire figurer une catégorie non existante la crée de facto.",110810,imu137.infomaniak.ch,52
bruuu.philum.org,bruuu,"Euh%u2026 il y a un nombre maximum de signes pour les ticket ? Mon précédent message a été coupé.rnDonc, la dernière phrase: %u2026 si ça pouvait être lié à une propriété css de ",110811,gw4.ovh.net,
bruuu.philum.org,bruuu,"Bon. J'ai compris le pourquoi de la coupure de mes messages dans les tickets : Il y a des caractères interdits dans les tickets. D'accord, je vais rester simple.",110811,gw4.ovh.net,57
bruuu.philum.org,bruuu,"J'ai un problème avec le menu :rnLes entrées dans le menu se positionnent les une au dessous des autres plutôt que les une à côté des autres.rnrnPar exemple, au lieu d'avoir comme menu :rn     catégorie1   catégorie2   catégorie3   ...rnJ'ai :rn    catégorie1   catégorie2rn    catégorie3rn    catégorie4rnrnJ'ai regardé dans les css, mais je ne vois rien d'anormal.rnComment faire ?rn",110811,gw4.ovh.net,
philum.net,philum,"(le système des tickets va devoir être amélioré !)rnPour les menus, ce sont autant de modules, et d'office ils sont séparés par un saut de ligne, qu'on peut annuler en cochant la case 'nobr'.",110811,imu137.infomaniak.ch,59
bruuu.philum.org,bruuu,"Est-ce qu'il est possible d'éviter la conversion en .jpg de l'image utilisée en bannière ?rnPour du dessin graphique, le jpg, ça détruit pas mal et ce n'est donc pas idéal.rnD'autant plus que j'optimise mes png de façon à avoir un minimum de valeur et donc, ça fait des images très légères.",110811,gw4.ovh.net,
philum.net,philum,"En fait l'image n'est pas réécrite, c'est la même, simplement renommée 'jpg' et ça marche quand même ! Les transparences sont du png sont conservées.",110811,imu137.infomaniak.ch,61
bruuu.philum.org,bruuu,"Est-ce qu'il est possible de paramétrer une taille maximum pour les vignettes générées par le connecteur "":photo"" ?",110811,gw4.ovh.net,
philum.net,philum,"ah, non, enfin pas encore !rnles miniatures sont seulement orientées automatiquement. (à faire !)",110811,imu137.infomaniak.ch,63
bruuu.philum.org,bruuu,"Est-ce qu'il est possible avec le module ""cat-arts"" d'empêcher l'affichage du nom de la rubrique et de n'afficher que le nom des articles ? ",110811,gw4.ovh.net,
philum.info,dev,"Non, mais le module 'articles' est plus complet, il permet notamment de spécifier un template pour l'affichage, un contenu généré par une instruction, et en particulier de ne pas afficher de titre si aucun n'est demandé.",110811,imu137.infomaniak.ch,65
bruuu.philum.org,bruuu,"En fait, dans le menu, j'ai inclus le module ""categories"" pour choisir les rubriques.rnJe voudrais, quand on clique sur une catégorie, que ça ouvre un sous-menu avec les articles qui en font partie.rnÇa fonctionne en incluant ""cat-arts"" dans le menu, sauf que ça écrit aussi le nom de la catégorie.rnrnJe veux bien essayer avec le module ""articles"", mais je ne le vois pas dans la section ""menu"". Je ne le vois que dans la section ""content""",110811,gw4.ovh.net,65
bruuu.philum.org,bruuu,"Quelqu'un pourrait-il donner un exemple de paramètres pour le module ""submenu"" ?rnSi j'ai bien compris, ""submenu"" est censé générer un menu déroulant ?rnDonc, comment dois-je procéder pour obtenir un menu qui affiche les rubriques qui, une fois cliquées, me donnent un menu déroulant avec le contenu de la rubrique cliquée ?",110811,gw4.ovh.net,
philum.net,philum,"c'est ça la fonction du module submenus ; si des articles existent des structures seront proposées. rnLa page http://philum.net/128 sur le sujet a été mise à jour !",110811,imu137.infomaniak.ch,68
bruuu.philum.org,bruuu,"J'utilise l'option ""p*balise"".rnJ'ai rencontré deux problèmes :rnrn1. Quand le début de l'article est un titre, j'utilise le connecteur (:h).rnMais alors, la balise <p> se positionne avant le <h3>rnVoilà ce que ça donne :rn <p><h3>Titre</h3><br />rnTexte</p><p>Texte</p>rnrn2.  l'élément ""p"" est absent des élément css disponibles. Donc, pas moyen de le personnaliser avec une classe.rnp .justifyrnEn fait, il faudrait que le double enter introduise non pas un simple <p>, mais un p .justifyrnJe me trompe ?",110812,gw4.ovh.net,
bruuu.philum.org,bruuu,"Quand on clique sur le bouton ""open"" dans la preview  d'un article, ça permet de lire la totalité de l'article, mais alors, les options Facebook, Twitter, mail... ne s'affichent pas.rnCe serait bien, il me semble, qu'elles s'affichent.",110812,gw4.ovh.net,
philum.net,philum,"C'est vrai que la consultation sur place n'affichera pas les options d'article ; rnpour cela il y a une solution en préparation, on va faire en sorte de rendre disponible un bloc de modules annexé aux articles, et les options d'articles y figureront par défaut, ce qui permettra de les afficher.",110812,imu137.infomaniak.ch,71
philum.net,philum,"Ah !rnj'utilise Firebug (plugin de firefox) et lui ne me l'affichait pas, mais c'est logique. On va faire en sorte que les images, vidéos, titres soient exclus de la procédure. ",110812,imu137.infomaniak.ch,70
philum.net,philum,"concernant l'élément p, il est possible d'ajouter des définitions de classes à la feuille css en bas (préciser la position).rnMais il ne faut pas utiliser de 'justify' comme style dans une balise p, ça ne se fait pas ! (enfin si ça se fait tout le temps mais c'est mal !). La classe 'justy' concerne le corps du texte des article, et peut recevoir une propriété 'text-align:justify;' (mais pour les puristes des typos que vous êtes, l'espace entre les caractères est assez indésirable !)",110812,imu137.infomaniak.ch,70
philum.net,philum,"Il faut jouer sur la classe MenuH pour les sous-menus ; les définitions viennent d'être mises à jour. rnLe module submenus permet, lui, d'afficher des catégories inexistantes. En fait chaque retour à la ligne signifie l'appel d'un module 'link', et le nombre de tirets en début de ligne signifie la profondeur.",110812,imu137.infomaniak.ch,68
philum.net,philum,"désormais la taille des miniatures du connecteur ':photo' dépend du paramètre 27 dans admin/params",110812,imu137.infomaniak.ch,63
bruuu.philum.org,bruuu,"J'utilise aussi Firebug dans Firefox. Mais pour le voir, j'ai simplement regardé dans le code source de la page.rnrnSinon, je ne comprends toujours pas comment styler la balise <p>.rnEn bas de la page css, j'avais bien vu la possibilité d'ajouter des définitions de classes à la feuille css. Mais dans le menu ""element"", je ne vois pas l'élément p.rnIl y a quelque-chose qui m'échappe...",110812,gw4.ovh.net,70
philum.net,philum,"Ce qui échappe à la vue c'est que les éléments proposés sont secondaires par rapport aux éléments rédigés : le mot 'element' est en fait un champ où on peut entrer une valeur, telle que li a:hover (un élément inattendu)",110812,imu137.infomaniak.ch,70
bruuu.philum.org,bruuu,"Oui ! Merci beaucoup.rnJe ne suis pas encore habitué à cette manière d'introduire des données.rnUne idée pour qu'il y ait moins de personnes qui s'arrêtent à ce genre de chose et posent des questions idiotes, ce serait que la couleur du champ change quand on le survole.rnCe n'est qu'une idée.rnCordialement.",110812,gw4.ovh.net,70
bruuu.philum.org,bruuu,"Je voudrais changer la taille de la police qui sert quand on écrit un article. Mes pauvres yeux demandent grâce!rnJ'ai vu que c'était contrôlé par la balise element.style.rnElle n'est pas dans la feuille de style. J'ai tenté de la créer, mais apparemment, ça ne produit aucun résultat.rnJ'ai pu changé la police en elle-même en modifiant la balise .tab.rnrnY a-t-il une possibilité pour la taille de police ?",110812,gw4.ovh.net,
philum.net,philum,"ok, l'élément qui force la taille est supprimé, et .tab étant toujours contrecarré par une autre classe, peut du coup servir à fixer la taille du champ du formulaire d'article",110812,imu137.infomaniak.ch,80
bruuu.philum.org,bruuu,"Oui... Ça marche. En plus, ça a l'avantage de pouvoir avoir la même police et la même taille en écrivant qu'une fois l'article généré sur la page. Ça donne donc une idée visuelle de l'espace utilisé.rnMerci.",110812,gw4.ovh.net,80
bruuu.philum.org,bruuu,"Euh... il y a encore un problème avec la balise p :rnAu dessus du premier titre <h3>, apparait un paragraphe vide avec <p></p>.rnVoilà un code exemple :rn<p></p>rn<h3></h3>rn<p></p>",110812,gw4.ovh.net,70
bruuu.philum.org,bruuu,"Dans la doc, je lis dans la page sur les connecteurs :rncss :      spécifie une classe CSS (texte§classe:css).rnrnJ'ai donc créé cinq classes nommées 2, 3, 4, 5 et 6.rnÀ chacune, j'ai affecté un font-family différente, ce qui me permet d'avoir une bonne panoplie de graisse (du plus maigre (2) au plus gras (5).rnEnsuite, quand je saisie du texte dans l'éditeur, j'utilise le connecteur ""css"".rnÇa donne par exemple : (mon texte§6:css) ou 6 est la classe que j'ai créé dans le css builder.rnCe serait super... mais hélas, ça ne marche pas.rnPourquoi ?",110812,gw4.ovh.net,
philum.net,philum,"je crois que les CSS n'autorisent pas les classes nommées par des chiffres.rn(on ne peut pas renommer une classe, il faut la supprimer et en créer une autre, ou alors aller dans l'admin de msql, dans design et changer le nom des classes)",110812,imu137.infomaniak.ch,84
bruuu.philum.org,bruuu,"Bon... j'ai renommé mes classes, mais ça ne marche pas mieux.rnQuelque chose qui m'échappe...",110813,gw4.ovh.net,84
philum.net,philum,"- rien ne marche mal dans 'La Bande à Zorro' (j'ai fais une recherche à :css), la classe g2 a bien l'effet attendu ! (même minimal)rn- j'ai remarqué un inconvénient venant des classes par défaut qui a été corrigé, dans les menuH il fallait que les margin-width soient avant les border-width sinon ils sont affectés par le changement de taille des colonnes... ce qui a produit un border-width de 190px. Ce défaut a été corrigé, mais ne faites un update que sur une sauvegarde (sur un nouveau design hérité de l'actuel).. ou alors il faut le corriger manuellement en cherchant les border-width.rn",110813,imu137.infomaniak.ch,84
bruuu.philum.org,bruuu,"Oui, merci, ça marche.",110813,gw4.ovh.net,84
bruuu.philum.org,bruuu,"Encore une chose :rnJ'essaye de changer la police sur les entrée du sous-menu et je n'y arrive pas. Quand je regarde dans Firebug, un style ""menuH ul ul a"" existe. Mais je ne le retrouve pas dans les css de Philum.rnJ'ai tenté d'introduire la balise font-family dans à tous les styles liés à menuH, mais sans effet.",110813,gw4.ovh.net,
philum.net,philum,"Le contrôle des css à ce niveau étant très complexe (niveau expert) il a été facilité au maximum, en se basant sur une feuille css standard nommée 'menus.css', de façon à ce qu'il ne reste que ce qui est utile. Mais ces définitions peuvent être contrecarrées par des nouvelles qu'il faut créer, si jamais celles qui sont présentes ne suffisent pas.rnAussi, MenuH hérite de Menu, de façon à conserver les propriétés des autres liens affichés.",110813,imu137.infomaniak.ch,89
bruuu.philum.org,bruuu,"Oui, j'avais remarqué l'héritage.rnJe vais essayer de comprendre comment affecter une nouvelle définition de style à un élément.",110813,gw4.ovh.net,89
bruuu.philum.org,bruuu,"J'ai regardé un peu le système des templates.rnrnPour contrôler le font-family des entrées du sous-menu, j'ai créé un template menu auquel j'ai ajouté une entrée, avec ces options:rn((menuH§((ul:html)(ul:html)(a:html))(g3:class):div))rnrnÇa ne marche pas, mais est-ce que je m'approche un peu du résultat ?",110813,gw4.ovh.net,89
bruuu.philum.org,bruuu,"Bon... j'ai dû déconner salement.rnJe n'ai plus accès à mes articles !",110813,gw4.ovh.net,89
philum.net,philum,"(je suis allé jeter un oeil) la hauteur du ul dans le li est donnée par le margin de MenuH li ulrnet pour les templates, c'était pas du tout ça ! (on peut toujours revenir au template par défaut) mais en gros, c'est rn(value§param:connector) imbriqué, ce qui donne toujours rn(value§(value§param:connector):connector)",110813,imu137.infomaniak.ch,89
bruuu.philum.org,bruuu,"suggestion :rnUne petite option nobr dans submenus, ce serait sympathique. Ça permettrait de l'intégrer dans le menu principal à n'importe quelle position. Sans cette option nobr, on ne peut le mettre qu'en fin de menu si on ne veux pas provoquer de retour à la ligne intempestif.",110813,gw4.ovh.net,
philum.net,philum,"En effet",110813,imu137.infomaniak.ch,95
bruuu.philum.org,bruuu,"update 110813 : génial !",110813,gw4.ovh.net,
bruuu.philum.org,bruuu,"Quand j'utilise l'option p-balise, Philum me met automatiquement un paragraphe vide (p) (/p) avant la balise h3.rnPlutôt gênant.",110813,gw4.ovh.net,
philum.net,philum,"En fait c'est le navigateur qui refuse de mettre dans un p les h3, alors il crée lui-même deux balises p vides avant et après, mais comme elles sont vides elles ne ne consomment aucun espace vertical, donc ça ne gêne pas. Dans le code source sans sélectionner une partie (ctrlADDu) on peut voir le rendu d'origine.rnmais le développement continue !",110813,imu137.infomaniak.ch,98
bruuu.philum.org,bruuu,"D'accord. C'était gênant chez moi parce-que j'avais affecté à à la balise p un réglage de padding. Je l'ai remplacé par un réglage margin et ça fonctionne mieux.rnMerci pour la réponse :)",110813,gw4.ovh.net,98
bruuu.philum.org,bruuu,"Il serait aussi utile de pouvoir rendre le titre du menu ""submenu"" non-cliquable, afin que les visiteurs soient obligés de cliquer sur une des entrées du submenu.rnSinon, ça les dirige sur une page et - dans mon cas - ce n'est pas le but de la man%u0153uvre.rnC'est peut-être un peu compliqué, dans la mesure où il faudrait aussi rendre les styles css titre menu et submenu indépendants (dans menuH).",110813,gw4.ovh.net,
bruuu.philum.org,bruuu,"suggestion :rnDans le pied de page, j'aurais voulu introduire un petit symbol entre chaque entrée. J'ai essayé avec le module text, mais ça ne fait pas l'affaire. Soit un symbol ascii, soit utf8 (à choisir dans dingbats par exemple).",110813,gw4.ovh.net,
philum.net,philum,"dans l'éditeur externe (editor en haut) il faut envoyer le formulaire du signe ASCII pour obtenir son code html, et c'est lui qu'il faut mettre dans les champs.",110813,imu137.infomaniak.ch,102
bruuu.philum.org,bruuu,"J'aimerais pouvoir ajouter l'icone de l'article à son titre pour la preview. C'est possible ?",110814,gw4.ovh.net,
philum.net,philum,"La disposition des objets qui font un article est donnée par le template.rnC'est rugueux à utiliser mais ça n'a à être fait qu'une fois !rnIl faut avoir une image ou un signe ASCII et le placer avant le titre à partir du template par défaut.",110814,imu137.infomaniak.ch,104
bruuu.philum.org,bruuu,"Il va falloir que je creuse.",110814,gw4.ovh.net,104
bruuu.philum.org,bruuu,"suggestion :rnDans la preview d'article, ce serait sympathique si on pouvait cliquer sur l'icône de l'article pour l'ouvrir.rnJ'utilise des icônes d'article assez grands et expressifs et j'ai remarqué que c'est le premier endroit où on a le réflexe de cliquer. Réflexe contrarié, donc, pour le moment.",110814,gw4.ovh.net,
bruuu.philum.org,bruuu,"J'ai mis dans les restrictions ""float*image"" sur On. Comment annule-t-on l'habillage pour une image particulière dans une page?",110815,gw4.ovh.net,
philum.net,philum,"tous les utilisateurs ne désirent pas ça, donc il a fallu faire que cela soit possible à produire : dans le template il faut mettre l'image dans un lien.",110815,imu137.infomaniak.ch,107
philum.net,philum,"connecteur html 'clear'",110815,imu137.infomaniak.ch,108
bruuu.philum.org,bruuu,"Est-ce qu'il est possible de redimensionner une image particulière dans un article7rnJ'ai essayé avec ce code :rn(((bruuu_795_0044web.jpg)§(300px/200px:thumb):div):codeline)rnmais ça ne marche pas.",110815,gw4.ovh.net,
philum.net,philum,"les fonctions du Codeline sont prévues pour les templates, et les rendre disponibles pour les articles nécessite encore un petit bon évolutif au niveau technique ;rnmais comme on a tendance à s'y attendre, cela va être rendu possible.",110815,imu137.infomaniak.ch,111
bruuu.philum.org,bruuu,"Dans le formulaire de création d'article, à quoi sert le champ ""url"" ?",110816,gw4.ovh.net,
philum.net,philum,"un connecteur :thumb va être ajouté pour cela (:mini révisé) et le connecteur codeline va nécessiter une aide contextuelle parce que c'est plus compliqué",110816,imu137.infomaniak.ch,111
philum.net,philum,"le champ 'url' sert à importer des articles depuis d'autres sites, quand les définitions de ce site existent",110816,imu137.infomaniak.ch,113
bruuu.philum.org,bruuu,"D'accord, merci.",110816,gw4.ovh.net,113
bruuu.philum.org,bruuu,"J'hésite beaucoup à me lancer dans les templates. pourtant, j'en aurais besoin. je bloque sur les variables. Je n'ai trouvé nul part la liste des variables qu'on peut employer avec leur description. Je crois que ça aiderait pas mal.",110816,gw4.ovh.net,
philum.net,philum,"en fait il faut se baser sur le template d'origine, où toutes les variables sont affichées hormis '_IMG1' (qui renvoie la miniature en brut alors que '_THUMB' renvoie l'embed html de l'image) ;rnrnles viariables sont toujours au format _MAJUSCULESrnrnd'autres variables peuvent provenir depuis des bases de données utilisateur (:msq_template)rnrndans builders/template tous les connecteurs sont proposés pour l'édition, mais il est vrai que l'aide est très sommaire.rnrnEn fait c'est conçu comme le html, c'est imbriqué.rnrnon peut aussi très bien se passer de ces instructions logicielles pour mettre carrément du html normal, comme dans les templates habituels des autres cms.rnrnle code d'instructions (codeline) permet toutefois de ne pas afficher des balises vides.rnrnPour commencer prenez le template par défaut et faites les modifs une à une. A ce niveau c'est vrai que c'est assez délicat à manier, mais ça n'a à être fait qu'une fois.",110816,imu137.infomaniak.ch,117
bruuu.philum.org,bruuu,"Bon... je vais tâcher de m'y mettre.",110816,gw4.ovh.net,117
bruuu.philum.org,bruuu,"Suggestion :rnDans les galeries, ce qui serait sympathique, c'est qu'on ait la possibilité d'ajouter un commentaire à chaque image.",110817,gw4.ovh.net,
philum.net,philum,"le module en Flash Slider sert précisément à cela ;rnun sliderJ est à l'étude (en ajax)",110817,imu137.infomaniak.ch,120
bruuu.philum.org,bruuu,"Dans le template article, j'ai mis (_URL§_THUMB_MSG:url), pour que - en preview - la miniature de l'article soit cliquable et ouvre l'article.rnÇa marche. Mais, s'il n'y a pas une image en début d'article, une grosse partie - voire tout l'article se transforme en lien.rnrnComment faire pour contourner ce problème ?",110817,gw4.ovh.net,
philum.net,philum,"ce que vous vouliez faire c'est plutôt :rn(_URL§_THUMB:url) _MSG",110817,imu137.infomaniak.ch,122
bruuu.philum.org,bruuu,"Oui, merci :)",110817,gw4.ovh.net,122
bruuu.philum.org,bruuu,"On peut affecter un template à toute une catégorie ?",110817,gw4.ovh.net,
philum.net,philum,"oui le bloc système sert à affecter les template et permet d'ajouter des conditions ;rnaussi il peut être affecté à un module 'articles' dans une colonne latéralern(global - local - ponctuel)",110818,imu137.infomaniak.ch,125
bruuu.philum.org,bruuu,"Ce serait sympathique si un simple clic sur une image ouverte en ajax (via :sliderJ ou :photo2) refermait la fenêtre. En effet, pour de grandes images, la petite croix de fermeture n'est pas forcément visible à l'écran et il faut la chercher. Du coup, on a tendance à faire un ""retour à la page précédente"" dans le navigateur pour la fermer. Et ce n'est pas vraiment le but.",110820,gw4.ovh.net,
bruuu.philum.org,bruuu,"Je voudrais pouvoir afficher la même leftbar pour tous les articles d'une même catégorie.rnDans la console, je n'ai trouvé le moyen de le faire que manuellement, par article.rnrnIl y a un autre moyen ?",110820,gw4.ovh.net,
fernand.philum.org,Fernand,"Comment puis-je puis-je modifier afin que des variables telles que  (_TRACKS) dans le template, puissent apparaître, par exemple sous l'appellation ""commentaire(s)"" pour le public ? rnPar avance merci.",110828,gw4.ovh.net,
philum.net,philum,"génériquement, ça se passe dans les modules système",110829,imu137.infomaniak.ch,128
philum.net,philum,"ce n'est pas dans le template que ça se passe, mais dans les nominations (désormais) : table lang/helps/nominations ; ça se gère au niveau superadmin ;rnAinsi, désormais 'tracks' est nommé 'commentaires'",110829,imu137.infomaniak.ch,129
fernand.philum.org,Fernand,"Chouette, merci !",110830,gw4.ovh.net,129
fernand.philum.org,Fernand,"Comment faire pour que la bannière renvoie systématiquement vers  la page d'accueil lorsque l'on clique dessus?",110831,gw4.ovh.net,
philum.net,philum,"c'est ce quelle fait, à la page d'accueil d'en être une ! rnsinon on peut mettre n'importe quel module à la place, comme :read",110831,imu137.infomaniak.ch,133
www.lechantdesmuses.fr,elode,"Comment ajouter des images au fur et à mesure dans un sliderJ déjà existant ? Sans avoir à tout recommencer.",110917,gw4.ovh.net,
philum.net,philum,"il faut ""rebuild"" (reconstruire) les anciennes infos sont conservées",110920,imu137.infomaniak.ch,135
philum.net,philum,"apparition du codeline basic : stade primitif, des modifications ""fatales"" peuvent être apportées",110920,imu137.infomaniak.ch,
www.lechantdesmuses.fr,elode,"Ça ne marche pas. Peut-être que c'est parce-que je choisi ""manual"" comme source ?",110926,gw4.ovh.net,135
fernand.philum.org,Fernand,"1-  Comment régler l'édition des commentaires afin que le public autorisé à commenter puisse utiliser la sélection de connecteurs qui lui est proposée (mise ne gras, etc.) ?rn2- Quelle formule doit-on appliquer lorsque l'on fait ""open"" sur une preview d'un article afin que le commentaire ""réagir à cet article"" soit également proposé sur le déroulé de cet article (autrement, le public s'y perd) ?",110926,gw4.ovh.net,
philum.net,philum,"1 pourquoi ça ne marcherait pasrn2 on peut pas",110926,imu137.infomaniak.ch,
fernand.philum.org,Fernand,"1- ça ne marche pas ( Essayez sans login sur philum.info)... Alors que ça fonctionne depuis la même machine quand on est logué en admin.rn2- Dommage",110926,gw4.ovh.net,142
www.lechantdesmuses.fr,elode,"Est-il possible de classer le déroulé des articles d'une rubrique manuellement ? Actuellement, j'utilise le module ""Category"".",110930,gw4.ovh.net,
fernand.philum.org,Fernand,"1- réparé, version 111004. MERCI !!",111004,gw4.ovh.net,142
philum.net,philum,"LOAD renvoie le déroulé des articles selon le classement, date ou sujet, ordonné ou inverse ;rnà la place le module 'pub_arts' transforme la chaîne d'ID en liste ordonnée d'articles à afficher selon les commandes habituelles (articles)",111004,imu137.infomaniak.ch,144
www.lechantdesmuses.fr,elode,"oui, merci :)",111007,gw4.ovh.net,144
lechantdesmuses.fr,elode,"Bonjour,rnIl y a eu un changement pour les icones d'articles ?rnJusqu'ici, la première image que j'uploadais dans l'article était automatiquement prise comme icone.rnApparemment, ça ne marche plus. Y a-t-il une nouvelle procédure à suivre ?",111012,gw4.ovh.net,
www.lechantdesmuses.fr,elode,"Est-il possible de mettre dans la leftbar quelque-chose qui ne soit visible que pour les articles d'une catégorie ?",111014,gw4.ovh.net,
www.lechantdesmuses.fr,elode,"Je n'arrive pas à comprendre le système de backup. Est-ce qu'il y a moyen de faire un backup général du site, y-compris mysql ?",111014,gw4.ovh.net,
philum.net,philum,"non, une nouvelle restriction permet de choisir si le cadrage de la miniature doit être intérieur ou extérieur",111015,imu137.infomaniak.ch,148
philum.net,philum,"avec la condition 'cat'",111015,imu137.infomaniak.ch,149
philum.net,philum,"le backup renvoie le dump de la base mysql, un backup des tables micorsql est possible aussi, bref tout peut être sauvegardé ; il y a différentes parties à sauvegarder, mais en général les serveurs sont plus fiables que nos DD",111015,imu137.infomaniak.ch,150
www.lechantdesmuses.fr,elode,"Bonjour,rnJ'ai un certain nombre d'images sur mon site qui sont sous la forme (img§txt).rnPour l'update 111220, il est écrit :rnréforme du commentaire d'images, ((img§txt)) renvoie désormais un simple lien vers l'image en popup, au lieu d'une image avec un commentaire. Pour commenter une image, c'est mieux d'utiliser le blockquote.rnrnC'est quoi ce blockquote ? Comment mettre ça en oeuvre ? Un exemple ?",111221,gw4.ovh.net,
philum.net,philum,"Bonjour,rndésolé pour la manipe, c'est vraiment exceptionnel ; il se trouve que c'est finalement plus intelligent que le résultat rendu soit le même que celui copié des autres sites, quand une image est le lien d'un texte, cela renvoie désormais l'ouverture d'une popup même si l'image est externe. rnLe commentaire d'une image peut être mit dans un 'bloc', connecteur :q ou la double accolade (()).rnPour faire bien faites une recherche à '.jpg§' comme ça vous êtes sûr de ne rien manquer, ensuite il suffit de déplacer le texte à l'extérieur de la balise, supprimer le §, et mettre le texte dans un 'bloc' (balise blockquote, prévue pour les citations)",111221,imu137.infomaniak.ch,155
www.lechantdesmuses.fr,elode,"Bon... j'ai trouvé ce blockquote. Mais ça ne m'arrange guère... et c'était bien pratique de pouvoir lier un commentaire à une image. Vraiment dommage.",111221,gw4.ovh.net,155
philum.net,philum,"ah oui l'exemple : rn(image.jpg§commentaire), avant, renvoyait l'image et son commentaire en-dessous, maintenant ça renvoie un lien vers l'image.rnLa modif : rn(image.jpg)((commentaire)) : un saut de ligne est ajouté entre les deux si l'image est en pleine largeur. rnLa balise blockquote permet d'utiliser des css qui rendent ce bloc visiblement indépendant du corps du texte.",111221,imu137.infomaniak.ch,155
philum.net,philum,"c'est vrai que c'était pratique, à la limite on peut ajouter un connecteur pour récupérer cette fonction, je n'y avais même pas pensé !",111221,imu137.infomaniak.ch,155
www.lechantdesmuses.fr,elode,"Ce serait chouette !rnMerci encore pour tout le boulot que vous faites :)",111221,gw4.ovh.net,155
www.lechantdesmuses.fr,elode,"Il n'y a plus de bouton pour fermer le visionneur d'image en flash. C'est normal ?",111221,gw4.ovh.net,
philum.net,philum,"oui, il faut cliquer sur l'image, mais parfois le serveur conserve les anciennes pages javascript, il faut peut-être rafraîchir (une fois) si ça ne marche pas.rnc'est plus commode que d'avoir à aller chercher un petit bouton...",111221,imu137.infomaniak.ch,161
www.lechantdesmuses.fr,elode,"Non, je ne parle pas du visionneur en ajax. Je parle de celui qui s'ouvre quand on clique sur le bouton ""zoom"".rnrnSinon, oui, pour le visionneur en ajax, j'ai remarqué... et c'est effectivement bien mieux.",111221,gw4.ovh.net,161
philum.net,philum,"ça c'est un bug. le bouton close en flash était inutile et a été supprimé mais au-dessus, avec firefox, un bouton close est sensé apparaître.",111221,imu137.infomaniak.ch,161
philum.net,philum,"une nouvelle mise à jour ajoute le connecteur ':comment', qui est associé à une classe css appelée 'blocktext', ajoutée au design par défaut, accessible par un update du design (sauvegarder l'ancien avant au cas où !)",111221,imu137.infomaniak.ch,155
www.lechantdesmuses.fr,elode,"Je viens de faire la mise à jour de Firefox. Je suis sous Ubuntu 10.04 et j'avais toujours Firefox 3.6.rnLa dernière mise à jour l'a fait passé en version 9. Et là, miracle, la croix pour fermer le visionneur est apparu !rnIl y aurait donc un problème de compatibilité avec certaines anciennes versions de Firefox ?",111222,gw4.ovh.net,161
www.lechantdesmuses.fr,elode,"Merci !",111222,gw4.ovh.net,155
www.lechantdesmuses.fr,elode,"Est-ce qu'il est possible, après coup, de rajouter des images dans un sliderJ ? Je ne trouve pas la méthode.rn Je précise que je choisis ""manual"" pour la source.",111222,gw4.ovh.net,
philum.net,philum,"ah d'accord c'était la version 3.6, ça explique tout ! les versions de cette année sont bien plus rapides et moins gourmandes en ressources, ils ont bien travaillé !",111222,imu137.infomaniak.ch,161
philum.net,philum,"non, en l'état il vaut mieux refaire l'opération depuis le début (c'est pas long) surtout que les infos existantes ne sont pas remplacées.",111222,imu137.infomaniak.ch,169
www.lechantdesmuses.fr,elode,"Donc, les textes liés aux images ne seront pas effacés ?rnDans ce cas, effectivement, ce n'est pas vraiment un souci.rnMerci.",111222,gw4.ovh.net,169
www.lechantdesmuses.fr,elode,"Bon... j'ai beau essayer, je n'arrive à rien.rnrnPour que les nouvelles images soient prises en compte dans le sliderJ, je dois au préalable aller dans msql et effacer la table de la galerie. C'est seulement à ce moment-là que les nouvelles images importées seront prises en compte quand je gérérerai le slider. Mais dans ce cas, les informations ont évidemment disparues et je suis bon pour tout réintroduire.rnrnMais peut-être que je ne fais pas comme il faudrait ?",111222,gw4.ovh.net,169
philum.net,philum,"un correctif a été apporté pour permettre de modifier a posteriori les tables de type 'manual' ;rnaller régler ça dans l'admin des microbases n'a rien d'illégal, c'est la procédure normale quand le logiciel se montre insuffisant",111223,imu137.infomaniak.ch,169
www.lechantdesmuses.fr,elode,"Merci !",111224,gw4.ovh.net,169
www.unanime.eu,Unanime,"Les images et vidéos envoyés en commentaires ne s'affichent pas dans les commentaires sous l'article...rn...Alors qu'ils s'affichent très correctement si l'on appelle globalement les commentaires par l'intermédiaire du module tracks (ici depuis le user_menu). Voir : http://www.unanime.eu/?read=16",111230,gw4.ovh.net,
philum.net,philum,"Il y a d'autres problèmes à résoudre, souvent ils sont liés. la largeur d'image à -60 signifie que la largeur des commentaires est égale à celle du bloc 'content', -60 (pas modifiable, c'est la place laissée à l'avatar, toujours de taille 48). le bloc 'content' devrait spécifier une largeur maximale des images, et si elle n'a pas été reportée depuis le constructeur de css, c'est que des modifs illégales ont eu lieu ! (genre suppression de la largeur) mais c'est pour autoriser ça qu'elle peut être paramétrée manuellement. (dans le bloc 'system', module 'content')",111230,imu137.infomaniak.ch,176
www.unanime.eu,Unanime,"En effet, le module ""content"" n'était pas renseigné. Un grand merci !",111230,gw4.ovh.net,176
www.lechantdesmuses.fr,elode,"Depuis la maj du 31/12/2012, les petits boutons ""meta edit brut nl export"" sont inactifs. Du coup, impossible d'éditer les articles.",111231,gw4.ovh.net,
philum.net,philum,"le bouton 'refresh' du navigateur permet de réactiver le cache des pages javascript et css appelées",111231,imu137.infomaniak.ch,179
www.lechantdesmuses.fr,elode,"Merci !",111231,gw4.ovh.net,179
www.lechantdesmuses.fr,elode,"Est-ce qu'il est possible que le déroulé des articles d'une section particulière affiche les articles en mode ""full"" plutôt qu'en mode ""preview"".rnJe précise que la case ""full text"" dans les restrictions n'est pas cochée.rnJe désire donc faire une exception pour une section.",120101,gw4.ovh.net,
www.lechantdesmuses.fr,elode,"J'ai fait la maj du 1201. J'ai donc mis comme indiqué l'option 'full' dans le module LOAD pour la section où je veux que les articles apparaissent entiers.rnMais je ne constate aucun changement. Les articles de la section sont toujours en 'preview', et pas en 'full'.rnrnY a-t-il quelque-chose d'autre à faire pour que ça marche ?",120102,gw4.ovh.net,182
philum.info,newsnet,"oui il y a d'autres moyens, avant la prochaine maj (c'était une bonne idée)rn- soit mettre un composant 'articles' pour chaque catégorie avec ses propres réglages,rn- soit ajouter un template conditionné pour la catégorie, dans lequel on aura supprimé la variable _MSG (beaucoup plus rapide)rnil y a toujours moyens de faire ce qu'on veut",120102,imu137.infomaniak.ch,182
www.lechantdesmuses.fr,elode,"Après la maj du 120104, ça marche. Merci !",120104,gw4.ovh.net,182
www.lechantdesmuses.fr,elode,"Puisque maintenant, plus besoin d'ouvrir les articles pour les lire entièrement, peut-être que ce serait bien qu'apparaissent également dans le déroulé, les boutons de partage (Facebook, etc...) ainsi que les commentaires ?rnPour les commentaires, au moins la possibilité de les ouvrir sans quitter le déroulé des articles.",120104,gw4.ovh.net,182
www.lechantdesmuses.fr,elode,"J'ai une question :rnJ'utilise ""Liferea"", un lecteur de flux RSS. J'ai donc ajouté le flux de mon site (lechantdesmuses). La liste des articles est bien mise à jour à chaque nouvel article, mais leur contenu n'apparait pas. Comment faire ?",120104,gw4.ovh.net,
philum.net,philum,"la page rss1 permet plus d'options rn/plug/rss1.php?hub=hub",120104,imu137.infomaniak.ch,187
www.lechantdesmuses.fr,elode,"Heu... il faut que je modifie le fichier php ? Dans ce cas je ne sais pas faire, c'est du chinois pour moi. Je viens d'y jeter un oeil, mais je n'y comprends rien.rnPourriez-vous expliquer la démarche à suivre ?rnrnEt puis, si je modifie ce fichier, ça veut dire qu'à la prochaine mise à jour où le fichier sera remplacé, je suis bon pour recommencer ?",120104,gw4.ovh.net,187
philum.net,philum,"non, sur la page rss1.php au lieu de rss.php il y a toute une somme d'options, prévues pour flash mais ça marche aussi pour renvoyer des rss ciblés, par catégorie, pr tag, par article, en entier et en preview, etc...rnla variable s'appelle par l'url, /?variable=valeur&var2=val2...",120104,imu137.infomaniak.ch,187
www.lechantdesmuses.fr,elode/?preview=full,"Quand je vais à http://www.lechantdesmuses.fr/plug/rss1.php, en haut de la page, il y a :rnvar_list for flash : hub/read/tag/topic/order(day DESC)/preview(yes-full)/nbj(number)/brut/rnrnJe suppose que ce sont les options en question.rnAlors, dans la barre d'adresse, j'ai tapé ça :rnhttp://www.lechantdesmuses.fr/plug/rss1.php?hub=elode/?preview=fullrnrnJ'ai fait d'autres essais, mais ça ne change rien. La page que j'obtiens est vide. Sans doute que je n'ai pas bien compris la procédure à employer.rn",120104,gw4.ovh.net,187
philum.net,philum,"il s'agit de la façon d'envoyer des variables à une page par l'URL ; philum a beaucoup poussé l'idée d'utiliser la barre d'url comme une ligne de commande. normalement, la première c'est avec un point d'interrogation et les suivantes c'est avec le signe ""et"" du clavier (touche 1) ; regardez sur n'importe quelle page sur le web, ça a toujours cette structure",120104,imu137.infomaniak.ch,187
www.lechantdesmuses.fr,elode,"D'accord, ça y est, j'ai compris et ça marche ! J'ai donc tapé dans la barre d'adresse :rnhttp://www.lechantdesmuses.fr/plug/rss1.php?hub=elode(et)preview=fullrnrnMaintenant, comment faire pour que quand un visiteur clique sur un petit bouton rss, ce réglage (preview=full) lui soit alloué?",120104,gw4.ovh.net,187
www.lechantdesmuses.fr,elode,"Oui, merci pour la mise à jour rapport aux commentaires. La solution est originale. Juste un truc : Ce serait fantastique si les lecteurs des commentaires pouvaient en rajouter un à partir du popup.",120104,gw4.ovh.net,182
www.lechantdesmuses.fr,elode,"Zut, je n'aime pas trop la dernières évolution de Philum, qui consiste à placer un article dans une boite scrolable quand on clique sur le bouton ""ouvrir"".rnrnC'est un désastre esthétique : Plus moyen de voir les images en entier, quand elles sont plus grandes que la boite, les marges ne sont plus respectées (texte complètement collé au bord droit), obligation dans certains cas de scroler horizontalement... ça fait beaucoup d'inconvénients par rapport au gain. Sans compter que ce n'est pas très beau, ces ascenseurs.rnUn  popup plutôt qu'une boite scrolable ?",120119,gw0.ovh.net,
philum.philum.org,philum,"c'est la classe 'scroll' il ne faut aucune particularité ;rnsinon on a mit une restriction scroll_preview (35) pour l'interdire (le scroll est super moderne dans le cas des sites d'actu)",120119,gw0.ovh.net,195
www.lechantdesmuses.fr,elode,"Ah oui, merci pour la restriction scroll_preview !",120119,gw8.ovh.net,195
,,,120131,81-64-72-147.rev.numericable.fr,
philum.info,newsnet,Vu,120203,imu137.infomaniak.ch,199
unanime.eu,Unanime,"Lorsqu'on crée un tag dans méta à partir de l'édition ou création d'un article, il apparaît que ce tag ne s'incrémente plus dans la liste de tags comme il le faisait auparavant.",120413,gw8.ovh.net,
philum.net,philum,"c'est forcément un problème local :rn- il y a eu beaucoup de refonte interne, vérifier que tout est à jour et rafraîchir une fois la page permet de débloquer le cache du serveur ;rn- certaines infos n'apparaissent qu'une fois que le cache des articles est reconstruit (ce qui est fait automatiquement pour le nouveau visiteur).",120413,imu137.infomaniak.ch,202
www.unanime.eu,Unanime,"Fait. Merci !",120414,gw8.ovh.net,202
www.unanime.eu,Unanime,"Le schmiliblick permet-il de réorienter le contenu (db) des sites en Philum sur Free, (affichage devenu impossible), en les ouvrant en tant que hub (ou node) sous un autre nom de domaine opérationnel au niveau de l'affichage ?rn",120508,gw8.ovh.net,
philum.net,philum,"c'est envisageable, et c'est une bonne idée, il faudrait un module 'iframe' et quelques dispositions pour forcer à produire des urls absolues sur les css ; il y a un plugin 'ifram' et 'iframe' le second sert à être appelé de l'extérieur.",120509,imu137.infomaniak.ch,205
www.unanime.eu,Unanime,"Il semble bien qu'il y ait un problème d'affichage des accents sur les ""channel"" lorsqu'on appelle philum.info. (problème qui n'existe pas en provenance de philum.net)",120515,gw8.ovh.net,
philum.net,philum,"le detect_encoding de php génère des erreurs, il a été remplacé par une solution maison, après la maj ça va marcher",120515,imu137.infomaniak.ch,207
www.unanime.eu,Unanime,"Oui, ça marche ! Thank you !",120515,gw8.ovh.net,207
unanime.eu,Unanime,"Je ne comprends pas comment on peut désormais créer un Hub ""Machin"", en obtenant pour ce hub une url du type : Machin.unanime.eu ",120520,gw8.ovh.net,
philum.net,philum,"c'est normal avec cette disposition le visiteur devient utilisateur qui peut consulter ses articles ; les autres visiteurs n'y accèdent pas. qu'on puisse trouver les articles de son hub ou pas est une autre question... (à mon avis tant mieux)",120520,imu137.infomaniak.ch,211
unanime.eu,Unanime,"Ok, merci.",120521,gw8.ovh.net,211
www.unanime.eu,Unanime,"Ce problème est résolu. Merci ! Je ne peux faire sauter la question qui l'a évoqué. Donc, je laisse...",120521,gw8.ovh.net,214
philum.philum.org,philum,"pour le pb des popups qui dépassent quand elles sont lancées dans une autre popup : c'est pour ça qu'il y a le bouton ""épingler""",120521,gw8.ovh.net,214
philum.info,newsnet,"normalement on doit pouvoir effacer les questions résolues (et inutiles à garder)",120521,imu137.infomaniak.ch,214
www.unanime.eu,Unanime,"Oui, je sais, mais ça a sauté... Idem pour la question du dessous, d'ailleurs (à propos de l'url pour les hub façon philum.org), je ne peux la retirer. Sais pas pourquoi...",120521,gw8.ovh.net,214
unanime.eu,Unanime,"Ayai, je sais pourquoi... Et c'est intéressant à noter. Je n'avais plus accès à partir de www.unanime.eu, parce que j'avais formulé ces questions à partir de unanime.eu (sans les www).rnJe vous laisse en prendre connaissance et je vire ce paquet-là. rn(Merci pour la réponse)",120521,gw8.ovh.net,214
philum.info,newsnet,"au niveau du serveur il faut ajouter un sous-domaine de type ""A"" nommé ""."" (si je me souviens bien)rnet au niveau de l'admin c'est dans les paramètres du serveur (master_config/sub_domain)",120521,imu137.infomaniak.ch,210
unanime.eu,Unanime,"D'accord. Merci.",120523,gw8.ovh.net,210
philum.net,philum,"c'est la typo pictos qui est utiliséern(désolé c'était mal informé)rnelle est très pratique ",120615,imu137.infomaniak.ch,223
philum.net,philum,"c'était une mise à jour critiquernil m'arrive de ne plus pouvoir importer certains articles (dans l'éditeur externe pas par l'ajout direct)rnmais j'ai pas trouvérnrnil faudrait surtout que je sache par quel biais l'url a été appelée pour trouver l'erreur ",120705,imu137.infomaniak.ch,225
unanime.eu,Unanime,"L'url a été appellée directement à partir de l'interface située en front page : clic sur le logo ""articles"", puis placé directement l'url dans l'emplacement pour l'url dans l'éditeur en pop up.rnrnJe dois dire en passant qu'il n'y avait aucun problème lors de l'édition. J'ai publié directement. Ensuite, j'ai retiré par deux fois des morceaux de textes en trop (parties de la page importée qui ne concernait pas l'article)... à la seconde fois, j'ai du faire fait une manipulation intermédiaire sur l'éditeur un peu dans la hâte avant de sauvegarder mais je ne me souviens plus laquelle.",120705,gw8.ovh.net,225
philum.net,philum,"joignez-moi par mail svp",120705,imu137.infomaniak.ch,225
philum.net,philum,"une mise à jour des htaccess vient d'être publiée",120705,imu137.infomaniak.ch,
philum.info,newsnet,"est-ce que la mise à jour du htaccess s'est bien passée ? c'est lui qui assure que ce lien fonctionne",120709,imu137.infomaniak.ch,231
unanime.eu,Unanime,"Le logout fonctionne ainsi pour ce site depuis longtemps (bien avant les différents maj du .htaccess).rnIndépendamment de cela, depuis les différentes maj du .htaccess, le serveur fonctionne plutôt mieux.  rnJe me demande si ce problème avec le logout n'est pas lié au fait que je n'ai pas encore ajouté un sous-domaine de type ""A"" au niveau du host serveur ?",120709,gw8.ovh.net,231
philum.info,dev,"le bouton renvoie vers log/out et le htaccess renvoie la vraie adresse /?log=out",120709,imu137.infomaniak.ch,231
www.unanime.eu,Unanime,"D'accord, mais en écrivant les deux cas directement dans l'url, on ne parvient pas à se déloguer.",120709,gw8.ovh.net,231
philum.info,dev,"il est possible que 'automember' soit activé, et il se relog automatiquement ;rnsinon après il y a /?log=off et /?log=down (éteint tout sauf le hub en cours pour le premier)",120709,imu137.infomaniak.ch,231
philum.info,newsnet,"il s'appelle simplement 'editor' dans le menu utils à droite ;rnil y a des dizaines (voire centaines) de correcteurs pour standardiser les caractères spéciaux, signalez-les moi pour les ajouter au traitement",120712,imu137.infomaniak.ch,237
unanime.eu,Unanime,"1. D'accord, j'avais bien repéré ""editor"", mais j'avoue que je ne sais pas l'utiliser. Lorsque je place une url et fais ""convert"", le résultat est une popup bloquée, sans rien. Donc, je ne fais pas la bonne manipe ? Je pense qu'une mise à jour du renseignement concernant l'utilisation de l'editor, fonction  tellement importante, serait bien venue.rn2. Pour ce qui est des caractères spéciaux signalant les accents,bien entendu  je vais tenter de faire une liste de ceux que je rencontre et vous les envoyer. Mais est-ce bien cela que vous demandez ?",120712,gw8.ovh.net,237
unanime.eu,Unanime,"P.S. En parlant de mise à jour, je veux dire, une mise à jour du manuel, ou mieux, un renseignement sur place dans l'editeur, ou dans la FAQ",120712,gw8.ovh.net,237
philum.info,newsnet,"l'éditeur externe c'est juste que le mot 'tranducteur' a été abandonné quoi que ce soit bien le nom de sa fonction ! c'est le même, il a évolué ;rnparfois l'import ne marche pas (les mecs sont cons de bloquer les robots), dans ce cas il est possible d'utiliser le tool/paste ou dans l'éditeur : render/convert ;rnon peut aussi regarder pouruoi l'import ne marche pasen cochant 'show work'rnpour les caractères, donnez-noi le lien d'où vient l'erreur car souvent elle n'apparait pas facilement",120712,imu137.infomaniak.ch,237
unanime.eu,Unanime,"D'accord, et MERCI (pour cette disponibilité).rn(Le présent message et sa suite imploseront automatiquement dans une heure dix sept minutes, quarante huit secondes, exactement...). ",120712,gw8.ovh.net,237
philum.info,newsnet,"l'apostrophe typographique inversée formatée en html a été ajoutée aux filtres ;",120712,imu137.infomaniak.ch,237
unanime.eu,Unanime,"J'ai, depuis quelques mises à jour, ces boutons apparaissant à droite de tous mes articles:rn""title""rn""lié à:related_arts"" ""lié par:related_by"" rnLorsque l'on clique dessus ça ne répond pas.rnQuelle est cette option, pourquoi ne puis-je pas la renseigner (les boutons ne fonctionnant pas), et quelle est la procédure pour qu'ils n'apparaissent pas systématiquement ? ",120718,gw8.ovh.net,
www.unanime.eu,Unanime,"Je m'empresse d'ajouter que j'ai bien compris l'utilisation de ""related"" dans ""meta"". Par contre, le problème que j'ai évoqué ci-dessus, demeure. A savoir la présence de ces trois boutons, même si l'on n'a aucun article relié, et qui ne sont pas opérationnels sur le serveur ""unanime"".",120718,gw8.ovh.net,244
philum.info,newsnet,"oui, c'est une erreur qui était à la base dans le template par défaut qui a été corrigée. Au début elle était invisible, mais depuis le codage des commandes de modules a été amélioré en précision, et l'erreur est devenue visible. rn- le code doit être écrite comme ça : ""related_arts§lié à, related_by§lié par""rn- l'option de commande qui est à 'menusj' par défaut doit être à 'tabmods' : menusj ne sait pas à l'avance s'il y aura des résultats car ils sont calculés en ajax, alors que tabmods fait des onglets.",120718,imu137.infomaniak.ch,244
www.unanime.eu,Unanime,"Merci !",120718,gw8.ovh.net,244
www.unanime.eu,Unanime,"Nota: je ne l'ai essayé qu'avec Firefox.",120721,gw8.ovh.net,248
www.unanime.eu,Unanime,"C'est une possibilité de renseigner un article  comme on le fait avec le code, que je n'avais pas envisagée, et qui me donne une idée de la puissance potentielle du système des connecteurs. :-)",120721,gw8.ovh.net,248
www.unanime.eu,Unanime,"Implosion automatique de ce message dans une petite heure et quarante secondes...",120721,gw8.ovh.net,248
philum.info,newsnet,"pas un bug, simplement du cache, qu'il faut rebuild pour voir disparaître l'article déclencheur de présence de catégorie ; à la limite : jeter un petit coup d'oeil dans la table user/(hub)_cache (le visiteur lui a obtenu une table bien rebuildée)",120725,imu137.infomaniak.ch,252
philum.info,newsnet,"pas un bug, simplement du cache, qu'il faut rebuild pour voir disparaître l'article déclencheur de présence de catégorie ; à la limite : jeter un petit coup d'oeil dans la table user/(hub)_cache (le visiteur lui a obtenu une table bien rebuildée)",120725,imu137.infomaniak.ch,254
unanime.eu,Unanime,"D'accord ! Sauvé grâce à la table users/(hub)_cache, où j'ai nettoyé la chose en question. rn(Les rebuild multirécidivistes utilisés précédemment, n'avait pas opéré de changement).rnrnCe message n'intéressant qu'un nombre réduit d'aficionados de notre communauté, s'autodétruira dans 5 minutes et une heure 30 secondes chrono.rnNéanmoins MERCI (car Philum est trop bien !)",120725,gw8.ovh.net,254
philum.info,newsnet,"le mieux c'est de réutiliser un article inutile ;rnc'est bizarre quand même",120725,imu137.infomaniak.ch,254
unanime.eu,Unanime,"Oui, j'ai trouvé ça bizarre. C'est pour cela que j'ai d'abord pensé non pas erreur mais trace ancienne d'erreur (en quelque sorte).",120725,gw8.ovh.net,254
unanime.eu,Unanime,"PS : j'avais d'abord essayé de réutiliser un article inutile",120725,gw8.ovh.net,254
philum.info,newsnet,"et ça n'a pas marché ?rnon peut aussi modifier la date du publication pour qu'il soit au bon endroit",120725,imu137.infomaniak.ch,254
unanime.eu,Unanime,"ça n'a pas marché pour me permettre de suprimer la catégorie public en le passant dans public. Mais autrement ça fonctionnait normalement. oui, le changement de date devenu possible est une option bien pratique. D'une manière générale, le paramétrage et le réglage de Philum est hyper sensible et précis. Moi, ça me plaît. Mais j'aime les sites qui sont susceptibles de se reconstruire en permanence. je trouve que Philum correspond bien à ce genre de profil.",120725,gw8.ovh.net,254
philum.info,newsnet,"ok alors construisons !rnc'était surement dans le cache des sessions, nourrie par le cache de la table qu'il restait une erreur, il a fallu batailler pour obtenir une bonne synchronisation des deux",120725,imu137.infomaniak.ch,254
unanime.eu,Unanime,"Ah d'accord ! Je comprends mieux (ça semble être la meilleurexplication logique) ! ",120725,gw8.ovh.net,254
philum.info,newsnet,"(http://site.com/audio.mp3) et rien d'autre",120731,imu137.infomaniak.ch,265
unanime.eu,Unanime,"L'audio s'est importé sans problème depuis le site de France culture, et a eu l'élégance de se transformer automatiquement en .mp3 sur mon site. Mais ça ne fonctionne pas dans ce cas.rnP.S. J'ai fait un essai avec un mp3 en provenance de philum.net, et là ça fonctionne... Il y a donc la syntaxe de cet import  à rectifier. Pour le moment je n'y suis pas parvenu.rn",120801,gw8.ovh.net,265
philum.info,newsnet,"peut-être il faut redownloader le lecteur mp3 dans le dossier fla ?",120801,imu137.infomaniak.ch,265
philum.info,newsnet,"que veut direre ""facilement"" ?rnsi vous voulez faire des tests il vaut mieux ouvrir un page d'admin, si vous savez quoi faire l'admin rapide est très pratique, il se rappelle même de l'onglet sur lequel on était !",120804,imu137.infomaniak.ch,269
unanime.eu,Unanime,"L'admin rapide est très bien !rnPour ce qui est des restrictions et seulement pour cela, il ne se rappelle justement pas de l'onglet sur lequel on était. C'est pour cela que j'ai pensé qu'il était intéressant de le signaler.",120804,gw8.ovh.net,269
unanime.eu,Unanime,"erratum : en fait, c'est uniquement en ce qui concerne le renseignement indiqué par des chiffres près des fontionnalités, qu'il ne se souvient pas, et qu'on est obligé de recommencer l'opération à zéro quand on consulte restrictions.",120804,gw8.ovh.net,269
unanime.eu,Unanime,"Bonjour, quel serait (s'il y en a un), le design ""maison"" optimisé pour la plupart des browsers. (J'utilise actuellement ""cloud"" optimisé pour Firefox).",120908,gw8.ovh.net,
philum.info,newsnet,"le design 'classic' est celui par défautrn(il faudrait un système d'abonnement aux designs car ils sont souvent mis à jour) ",120908,imu137.infomaniak.ch,273
philum.info,newsnet,"j'ai vu !rnil est obligé de charger les icônes en fichiers .tar (nouvelles dispositions)rnune fois l'orage passé les autres Maj sont normales ;rnmieux vaut avoir chargé les .tar un à un avant la Maj (surtout le gros de 4Mo)",120922,imu137.infomaniak.ch,275
unanime.eu,Unanime,"Je l'avais fait. J'y suis parvenu en prenant chaque poste un par un prog, msql, etc. (Il y avait du lourd également qui dormait dans le bkg).",120922,gw8.ovh.net,275
unanime.eu,Unanime,"Un vrai bonheur, le multi-fenêtrage ! MERCI !",120924,gw8.ovh.net,
philum.info,newsnet,"en effet !rnle logiciel s'oriente graduellement vers l'idée d'un web-OS",120924,imu137.infomaniak.ch,278
philum.info,newsnet,"niet ! pas normal, pas disparu ici",121003,imu137.infomaniak.ch,280
unanime.eu,Unanime,"Y a-t-il une explication locale, je ne sais... Toujours est-il que je confirme : page blanche pour les sites philum.info et philum.net après essai à partir de deux PC ici, il est vrai sur la même ligne, mais pas de laison entre les pc (qui sont gérés différemment). Philum.org fonctionne ainsi que Unanime.",121003,gw8.ovh.net,280
philum.info,newsnet,"l'index a été modifié mais seulement pour enlever le filtre anti-moteurs devenu désuet ;rnhier c'est à legrandsoir.info que je n'accédais pas alors que le serveur, lui pouvait ;rnà mon avis ça va revenir",121003,imu137.infomaniak.ch,280
unanime.eu,Unanime,"Les deux sont revenus, en effet !rn",121004,gw8.ovh.net,280
unanime.eu,Unanime,"Bonjour, suite à la mise à jour du 16-10, une  partie des pictos de l'éditeur sont de nouveau remplacées par des lettres.  Tandis qu'il semble que les icônes en provenance de system/icon soient correctement affichées, (ainsi les nouvelles icônes facebook et twitter apparaissent normalement). Tout cela est-il normal en l'état, ou dois-je forcer quelque chose dans msql ? Merci par avance.",121016,gw8.ovh.net,
philum.info,newsnet,"bonjourrnen fait la mise à jour a été balancée trop tôt, il manque des trucs, mais pas le mailrnla typo 'philum' remplace la 'pictos' mais elle est tj dispornon utilise au maximum les typos plutôt que les icônes (en png) pour la compatibilité sur fond noir ",121016,imu137.infomaniak.ch,285
unanime.eu,Unanime,"Dans quelle catégorie édition_typos doit-elle se place ? Chez moi, elle se trouve dans la catégorie user. Tout semble être chargé correctement depuis la maj du 17-10, résultat au niveau de l'affichage : je n'ai plus que des lettres ! (il y a donc peut-être un problème de chemin ?)",121017,gw8.ovh.net,285
philum.info,newsnet,"Rien à toucher dans les bases sauf à éditer l'iconographie dans l'admin ; la typo doit être chargée et...rnen effet il y a une lacune, il faut, dans admin/fonts, faire un ""inject"" pour informer la base serveur de la nouvelle typo, car elle ne peut pas être touchée par l'updatern(chose à régler à l'avenir)",121017,imu137.infomaniak.ch,285
unanime.eu,Unanime,"Merci pour le correctif de version, ça fonctionne impeccable !rnP.S.: lorsque je faisais un font/inject auparavant, cela me faisait un ""delete"" de philum  et de trois autres typos, et je n'y comprenais plus rien. ",121017,gw8.ovh.net,285
philum.info,newsnet,"super, merci pour le relevé des trucs qui manquent, ça sera corrigé",121017,imu137.infomaniak.ch,285
unanime.eu,Unanime,"Depuis quelques mois, jéprouve la plus grande difficulté à importer un article directement (sans paste). Il est très rare que j'y parvienne.rnPar ailleurs la correction d'une toute petite coquille sur un article déjà importé (même une seule lettre) est un chemin de croix. L'éditeur se met en ""...saving"", et ne modifie rien.rnJe pense que vous n'avez sans doute pas ce problème, aussi, j'ai attendu pour en parler.  Quelle pourrait en être la source sur mon serveur ?",121109,gw8.ovh.net,
w41k.info,newsnet,"damn il fallait pas hésiter, c'est une question de buffer du multithread, on va tester à 1500 caractères au lieu de 2000",121109,imu137.infomaniak.ch,291
unanime.eu,Unanime,"Le problème me semblait provenir, en effet, du passage au Mutithread. Je n'en ai pas parlé avant parce que je cherchais mon erreur de paramétrage. J'imaginais que c'est vous qui gèriez Newsnet, et que vous ne rencontriez pas ce problème (autrement vous l'auriez déjà réglé). Donc, cela pouvait provenir du paramétrage de mon serveur.rnLa mise à jour du passage à 1500 caractères est-elle déjà passée, avec la 121109... ?",121110,gw8.ovh.net,291
w41k.info,newsnet,"oui l'update a été publié pour ça,rnc'est la variable cutat=1500 dans ajx.js (ligne 2)rnsi ça marche toujours pas il faut essayer à 1000, puis 500 ;rnle serveur de newsnet supporte allègrement les 5000.",121110,imu137.infomaniak.ch,291
unanime.eu,Unanime,"Cela semble fonctionner pour le moment, je viens d'importer un article, mais pas lorsque je m'efforce de changer une virgule ou un seul mot dans un article ancien, ça continue de merdoyer...rn1./Y-a-til une forme de saturation dans le buffer lorsque cent fois sur le métier on remet son ouvrage (la plupart des articles importés sont bourrés de coquilles) et je m'efforce de les corriger quand je relis les informations que j'ai stockées sur le serveur sous forme d'articles importés  ?rn2./Par contre, importer directement depuis l'url paraît toujours impossible (je suis obligé de passer par paste.rn3./ En tous cas merci pour le nom du fichier. je me demandais où il pouvait bien se trouver !rn4./ Unanime est chez OVH, et Newsnet ? Je pose cette question pour les 5000 caractères. (mais cela n'a peut-être rien à voir avec l'hébergeur ?)rn",121110,gw8.ovh.net,291
w41k.info,newsnet,"1./Y-a-til une forme de saturation dans le buffer rn- nonrnen cas d'erreur on peut récupérer le dernier état des données dans tools/last_savedrnrn2./Par contre, importer directement depuis l'url paraît toujours impossible rn- pourquoi ? (parfois rien ne se passe mais il faut rafraîchir pour voir)rn- tester avec et sans la restriction 57 save_in_popuprn- tester dans l'editeur externe (au moins il met les données dans le cache)rnrn4./ Unanime est chez OVH, et Newsnet ? Je pose cette question pour les 5000 caractères. (mais cela n'a peut-être rien à voir avec l'hébergeur ?)rn- infomaniak ; il y a des résultats différents sur tous les serveurs mais ces résultats sont toujours les mêmes, genre 2128 (pour les trouver il a fallu faire des tests par approximation)",121110,imu137.infomaniak.ch,291
unanime.eu,Unanime,"Merci beaucoup ! Je vais pratiquer les test , notamment avec la restriction 57 et je ferai un retour.",121110,gw8.ovh.net,291
unanime.eu,Unanime,"Les tests sont meilleurs sur un article que je viens d'importer récemment. Je peux corriger à l'infini, semble-t-il,... de petits détails, ou fautes, ou coquilles.  Pour des articles plus ""anciens"" sur le serveur, toujours les mêmes problèmes.rnPour l'import direct depuis l'url, ne n'ai pas encore tenté de pratiquer avec et sans la restriction 57. Autrement, ce n'est pas plus brillant qu'auparavant : obligé de forcer grâce à ""paste"".",121113,gw8.ovh.net,291
unanime.eu,Unanime,"Bonjour, rnquestion bête, si je veux changer une couleur d'un morceau de texte dans l'éditeur, par exemple passer un morceau de texte en code couleur css; je ne peux y parvenir avec html/css. Je n'y parviens pas non plus avec le connecteur ""C"". Merci de bien vouloir me rappeller quelle doit être la syntaxe et quel connecteur utiliser.",121113,gw8.ovh.net,
w41k.info,newsnet,"il faudrait plus de précisions sur le dysfonctionnement constaté, afin de savoir comment le reproduire",121113,imu137.infomaniak.ch,291
w41k.info,newsnet,"':c' renvoie la classe 'txtclr' inusitée ailleurs, qu'on peut éditer, sinon il y a ':r' qui renvoie du rouge. Pour les couleurs c'est vrai que ça manquait, un connecteur ':color' vient d'être ajouté. ",121113,imu137.infomaniak.ch,299
w41k.info,newsnet,"ajout du connecteur :color : [text§ff0000:color]rnet du codeline :span : [text§[color:#ff0000;:style]:span]",121114,imu137.infomaniak.ch,
w41k.info,newsnet,"dans la mise à jour : rn- param/server/ajax_buffer permet de déterminer le buffer AMT (intervenir sur le code n'aura plus d'effet) ;rn- l'éditeur 'text brut' permet un enregistrement rapide ;",121114,imu137.infomaniak.ch,291
unanime.eu,Unanime,"Trop bien la colorisation grâce à :color ! :-)",121121,gw8.ovh.net,302
unanime.eu,Unanime,"Bonjour, et encore une fois MERCI pour la progression continue de ce logiciel. La question du jour est la suivante : y-a-t-il encore un avenir dans philum pour les cart, les présentations ""produits"", la notion de boutique liggt peut-être mais opérationnelle efficace sûrement ? Y a-t-il par ailleurs un projet synchrone de rattachement à des modes de paiement automatique ?rnJe pense principalement à travers cette demande à nombre de petites structures qui voudraient se faire les dents avec le e-commerce sans se voir sommées immédiatement de payer des myriades d'impôts, ou recevoir des lettres de menace, juste en essai pour des petits produits d'inventeurs, comme il devrait toujours y en avoir dans ce pays même si on continue de les étouffer....rnBien cordialement,",121130,gw8.ovh.net,
w41k.info,newsnet,"mise à jour critiquern(réforme de la méthode des microbases)rndu coup on a perdu les tickets qui datent d'avant le 121201",121207,imu137.infomaniak.ch,
unanime.eu,Unanime,"La MAJ automatique fonctionne nickel !",121216,gw8.ovh.net,
w41k.info,newsnet,"il va pouvoir y en avoir tous les jours maintenant !",121217,imu137.infomaniak.ch,307
w41k.info,newsnet,"l'erreur venait d'ici désolé !",121224,imu137.infomaniak.ch,309
unanime.eu,Unanime,"A titre d'information, si je passe un titre h3 en couleur avec :color et que je fais un lien appelé ""partager"" sur une page facebook, l'article apparaîtra sur l'annonce Facebook avec les références hexadecimales de la couleur.",130102,gw8.ovh.net,
w41k.info,newsnet,"ah oui tiens doncrnvoilà c'est fixé ; (amélioration de 'clean_internal_tags')",130102,imu137.infomaniak.ch,311
unanime.eu,Unanime,"Pour info encore : J'ai bien l'impression que, depuis la série de mises à jour de la fin de l'année, l'importation d'articles fonctionne mieux ! rnJe ne peux toujours pas importer et reproduire simultanément un article directement depuis son url comme autrefois. Mais il s'avère, (à vérifier cependant car je n'importe pas encore  suffisamment d'articles), que je peux corriger autant que je le souhaite, et que pour le moment, ça répond très bien et vite.  (avec AMT à 1200)",130105,gw8.ovh.net,
w41k.info,newsnet,"oui il y a eu des petits correctifs très déterminants ;rnplus AMT est bas plus c'est long à répondre ;rnun résultat excellent est obtenu avec 'save in ajax' à ON ;rnles erreurs d'importation peuvent provenir de l'absence de définitions (vérifier que vous utilisez les defs publiques), ou du fait d'une erreur de copie d'image (alors il faut refresh) ; ",130105,imu137.infomaniak.ch,313
unanime.eu,Unanime,"Bonjour. Quelle possibilité, lorsque l'on ouvre un hyperlien situé sur un article (sur un serveur Philum), d'obtenir le lien dans une nouvelle fenêtre (ou une popup) en conservant l'article de base en vue, sans avoir besoin de faire un ""retour"" sur le browser pour le retrouver ?",130107,gw8.ovh.net,
w41k.info,newsnet,"ben...rn- l'attribut '_blank' est déprécié depuis l'apparition du troisième bouton de la souris... ;rn- la rstr 'ajax mode' permet aux articles du site d'être ouverts dans une popup (connecteur :pub) ;rn- le futur connecteur 'apps' permettra d'appeler une iframe dans une popup ;",130108,imu137.infomaniak.ch,315
unanime.eu,Unanime,"Yes ! Et Thank you!  Mais là je me suis mal expliqué. Exemple concret : lorsque vous êtes sur facebook ou sur d'autres sites, vous ouvrez les liens DANS UNE AUTRE FENÊTRE.rnCe qui vous permet de maintenir votre page de travail. Pour ce faire, vous n'avez qu'à retourner à l'onglet d'à côté.rnJe ne sais si cela est possible techniquement, mais en tous cas je suis sûr que ce serait un plus sur le plan de l'ergonomie. Et qui différencierait Philum de WP et autres...rn(Bravo, au passage, pour le nouveau connecteur apps !) ",130108,gw8.ovh.net,315
w41k.info,newsnet,"ben oui mais non, c'est déprécié parce qu'on ne sait jamais la réaction d'un bouton sauf à la contrôler soi-même ; c'est à l'utilisateur de gérer sa navigation et pour ça il faut qu'il soit toujours en _SELF ;rn(bouton du milieu de la souris ouvre une nouvelle fenêtre)",130108,imu137.infomaniak.ch,315
unanime.eu,Unanime,"Deux petits décrochages repérés :rn1-""Tickets"", de nouveau seulement page 1 disponible.rn2- si l'on a changé un tire (corrigé une faute) et que l'on installe ""Recent"", ""Recent"" donne l'ancien titre avec sa faute.",130119,gw8.ovh.net,
w41k.info,newsnet,"en fait beaucoup de composants font référence à ce qui est en cache, d'où la présence de 'rebuild', qui n'est automatique que si le visiteur découvre un article plus récent (pas si on change le titre, mais ça peut s'arranger) ;",130119,imu137.infomaniak.ch,320
unanime.eu,Unanime,"Prospective Philum :rnPour information, suite (nous avions déjà abordé la question): Wordpress génère désormais de l'ePub directement depuis WP avec le plugin wp2epub !rnVoir le lien ici : http://unanime.eu/158",130120,gw8.ovh.net,
w41k.info,newsnet,"ah okrnc'est intéressant le principe de non-propriété",130121,imu137.infomaniak.ch,327
unanime.eu,Unanime,"J'ai perdu le fil (et les aiguilles) pour placer les tags par catégorie, en navigation, en haut du content (ou dans le menu). (j'utilisais rub-tag)",130122,gw8.ovh.net,
w41k.info,newsnet,"j'ai vu il manque un LOAD pour la condition 'art'",130122,imu137.infomaniak.ch,329
www.unanime.eu,Unanime,"Comment faire pour afficher les mots-clés par rubrique désormais (sans ""rub-tag"" ou quelque chose comme ça... devenue obsolète, puis disparu des écrans radar) ?",130123,gw8.ovh.net,
w41k.info,newsnet,"mais rub_tags n'est pas obsolète (un peu vieillot à la limite)",130123,imu137.infomaniak.ch,333
w41k.info,newsnet,"ah si dis donc il était présenté comme obsolète (rectif ok) ;rnmais ça ne l'empêchait pas de fonctionner",130123,imu137.infomaniak.ch,333
unanime.eu,Unanime,"Là, je comprends mieux: Je l'avais utilisé. Puis je l'ai supprimé par mégarde au lieu de faire un ""hide"". Et là il a complètement disparu de mon serveur ! Est-ce parce que c'est un ""once"" ?rn(moi j'ai pensé qu'il avait disparu parce qu'il était annoncé comme obsolète). Bon, il est localisé où dans le code, (que j'aille le récupérer par ftp) ?",130123,gw8.ovh.net,333
w41k.info,newsnet,"nan il avait disparu des tables,rnil est revenu dans la mise à jour",130123,imu137.infomaniak.ch,333
unanime.eu,Unanime,"Ah !OK ! :-)",130123,gw8.ovh.net,333
unanime.eu,Unanime,"Pour info.: version 130302. Mise a jour manuelle (automatique n'a pas fonctionné).",130302,gw8.ovh.net,
w41k.info,newsnet,"ok merci, on verra à la prochaine si ça vient d'où je crois",130303,imu137.infomaniak.ch,341
unanime.eu,Unanime,"Je confirme. La mise à jour 130304 est bien passée en automatique. Merci.",130304,gw8.ovh.net,341
unanime.eu,Unanime,"Nota : je ne dispose pas de beaucoup de temps en ce moment pour faire une étude exhaustive mais j'ai bien l'impression que l'importation d'articles est devenue beaucoup plus souple et fluide. J'en veux pour preuve un article du monde.fr que j'ai ""rentré""  hier avec une facilité étonnante. rnDe plus, le logiciel est d'ores est déjà le meilleur du monde en ce qui concerne l'accès direct à l'administration en front office.rnBRAVO !",130310,gw8.ovh.net,
w41k.info,newsnet,"merci,rnoh je sais il y a encore des trucs qui se passent pas bien mais en gros c'est vrai que c'est une bonne évolution, quand on sait que les autres en sont encore au copier-coller ; ça permet d'être plus spontané.",130310,imu137.infomaniak.ch,344
unanime.eu,Unanime,"Oui, je veux dire quand on utilise l'admin en ajax depuis la ligne de commande en haut à gauche.",130315,gw8.ovh.net,347
philum.info,newsnet,"ah oui en effet, c'est réglérnmerci",130315,imu137.infomaniak.ch,346
unanime.eu,Unanime,"Serait-il possible d'envisager de pouvoir répondre directement à un message reçu Admin/Users/messages, sans passer par la case mail,( et hélas sans non plus recevoir 20.000 euros)  ?",130321,gw8.ovh.net,
philum.info,newsnet,"quand on reçoit un message sur le site, on y répond grâce au mail que donne l'expéditeur. bien sûr le logiciel vous alerte par mail qu'un message est reçu, et si on veut on peut utiliser l'appli 'mail' du menu apps. si il y a du hameçonnage, ça vient du serveur, ou de plein d'autres endroits (ils ça déferlent en ce moment)",130322,imu137.infomaniak.ch,350
unanime.eu,Unanime,"Un grand merci pour les améliorations du plugin 'book', notamment l'autoread qui fonctionne parfaitement, la nouvelle allocations de pictos.rnPour info : les images ne passent toujours pas chez moi.rn",130323,gw8.ovh.net,
unanime.eu,Unanime,"....En dehors du problème avec les images, 'book' fonctionne bien chez moi si l'on clique sur la flèche pour ouvrir la preview, mais si l'on clique sur le titre de l'article (pour ouvrir l'article avec les commentaires) le logiciel affiche trois fois le choix de la liste en dehors du content en bas de l'écran, l'emplacement pour les commentaires sort également du cadre de l'affichage et va se coller en bas de l'écran à gauche, etc. (problème moins grave qu'avant cette révision)...",130323,gw8.ovh.net,352
unanime.eu,Unanime,"Autre détail : 'book' n'affiche pas le titre des articles listés.rnrnNota : j'ai passé cette dernière version avec book en manuel, n'est pas passée en automatique.",130323,gw8.ovh.net,352
philum.info,dav,"- pb images : je peux voir ?rn- pb mise en forme : le template public a pu être mis à jour (le template privé le supplante s'il existe) ;rn- pb titres : je peux voir ?rn- pb mis à jour : ça arrive quand il y en a deux le même jour...",130323,imu137.infomaniak.ch,352
unanime.eu,Unanime,"Pour voir les problèmes afférents image, affichage, absence de titres etc. chez moi, voir le 'book' fin de l'article : http://unanime.eu/177rnPardon, j'avais oublié de mentionner cette adresse. rnP.S. Je suis sur Firefox (bien entendu)",130323,gw8.ovh.net,352
philum.info,dav,"ok, la table public_template n'était pas mise à jour ; pour l'importer directement : philum.info/msql/users/public_templatern(et en passant, inutile d'ajouter un point après le connecteur ((:book).:table))",130323,imu137.infomaniak.ch,352
unanime.eu,Unanime,"YES !!! C'est tout simplement le plus beau 'book' du monde, désormais ! Quel bel outil ! La classe ! MERCI.",130323,gw8.ovh.net,352
philum.info,newsnet,"c'est un outil qui a une grande marge d'évolution, au mieux il y a des sites comme scribd (sauf que le plugin 'book' pèse 5Ko)",130323,imu137.infomaniak.ch,352
unanime.eu,Unanime,"Disparues de nouveau les pages suivantes (après celle-ci) de 'tickets' (j'ai écrasé mon template privé et voulais avoir recours aux infos déjà demandées par chant des muses pour l'on click sur le thumb ouvrant l'article. ",130325,gw8.ovh.net,
unanime.eu,Unanime,"- Fix pb image dans 'book', test négatif  chez moi.rn- Fix pb affichage dernière page négatif également chez moi (pour moi ce pb concerne le fait que le premier article de la liste continue de s'afficher dans le 'book' pendant la publication de cet article, alors que normalement, pendant la publication d'un article, le dit article n'est pas proposé dans la liste des chapitres du 'book').",130325,gw8.ovh.net,
philum.info,dev,"il faut un template personnalisé, une copie du connecteur du titre mais avec l'image à la place : (_URL§_THUMB:url)",130325,imu137.infomaniak.ch,364
philum.info,dev,"- le correctif portait sur les images qui dépassent,rnla votre est dans un connecteur :img, qui sert à forcer l'importation et qui disparaît après, normalement. il faut l'enlever.rn- heureusement que l'article en cours n'est pas inclus dans le book, c'est pour éviter de tourner en boucle et planter le serveur pendant dix minutes.",130325,imu137.infomaniak.ch,365
unanime.eu,Unanime,"- J'ai enlevé le connecteur :img. qui n'était là que dans l'article n°1 (id : 174 chez moi). Pas de résultat en ce qui concerne l'affichage des images toujours inexistant, ni pour cet article, ni pour les autres du 'book', qui sont, pour mémoire : 174 175 176 177 et maintenant 184. (J'installe le book pour test sur chacun de ces articles).rn",130326,gw8.ovh.net,365
unanime.eu,Unanime,"- J'ai un article du 'book', le premier de la liste qui apparaît dans la liste du 'book' y compris et surtout lorsque je suis sur cet article, (d'où mon message, point 2), car ça ne le fait pas pour les autres articles.rn",130326,gw8.ovh.net,365
unanime.eu,Unanime,Merci,130326,gw8.ovh.net,364
unanime.eu,Unanime,"Je précise, l'erreur se produit lorsque l'on clique sur un lien de tag ou d'article contenant un book",130327,gw8.ovh.net,373
philum.info,dev,"ok mettez juste le plugin book à jour,rnc'est le connecteur plup qui est en dev, pour ouvrir book dans une popup",130327,imu137.infomaniak.ch,373
unanime.eu,Unanime,"pour info, j'ai mis à jour suite à votre message et ça fonctionnait. Mais une nouvelle amélioration de la version est intervenue depuis qui a du écraser cette mise à jour du plugin book. Retour à la même erreur d'affichage.",130327,gw8.ovh.net,373
unanime.eu,Unanime,"...j'ai voulu dire en mode inverse vidéo blanc sur fond noir avec pictos rouges.",130327,gw8.ovh.net,378
unanime.eu,Unanime,"autre pour info : la popup qui ouvre les videos n'ouvre plus que les numéros d'ID de la video",130329,gw8.ovh.net,
philum.info,newsnet,"ok, vu, pardon, merci !",130329,imu137.infomaniak.ch,380
philum.info,newsnet,"en fait ""ne s'affiche pas"" n'est pas ""n'est pas visible""",130329,imu137.infomaniak.ch,380
philum.info,newsnet,"un système de surveillance de présence des modules critiques a été ajouté (en l'occurrence, celui de la largeur artificielle)rn(en fait la vidéo s'ouvrait mais en taille zéro, ce qui a été interdit, aussi, en plus, au cas où)",130329,imu137.infomaniak.ch,381
unanime.eu,Unanime,Merci,130329,gw8.ovh.net,381
unanime.eu,Unanime,"Nota pour info : le 'book' n'aime pas trop  être enfermé dans le connecteur  (:table). Cela met hors service le bouton de titre situé en bas à gauche du chapitre que l'on st en train de lire. ",130329,gw8.ovh.net,
philum.info,newsnet,"ah mais rien n'aime ni n'a besoin d'être dans une table à part des données tabulaires ;rnet on va finir par les remplacer par des tables en css",130329,imu137.infomaniak.ch,387
unanime.eu,Unanime,"Rires... Non non, ce n'est pas la peine ! Ce connecteur est bien pratique et plus direct pour l'utilisateur.",130330,gw8.ovh.net,387
unanime.eu,Unanime,"... Seulement une petite mention supplémentaire dans l'aide, pour avertir : cela serait parfait !",130330,gw8.ovh.net,387
philum.info,newsnet,"cette balise va surement être dépréciée car elle ralentit beaucoup l'affichage, et elle nous empêche de couper le chapeau de l'articlernil y a aussi déjà un connecteur :divtable",130330,imu137.infomaniak.ch,387
unanime.eu,Unanime,"AH, merci !",130330,gw8.ovh.net,387
philum.info,newsnet,"ah oui, correctif mis au mauvais endroit...",130330,imu137.infomaniak.ch,394
unanime.eu,Unanime,"Essais infructueux pour affichage couverture book en mode preview. La table des matières (dans une petite popup) ne s'affiche pas lorsque l'on clique dessus... Sauf en de très très très rares occasions !",130331,gw8.ovh.net,
philum.info,newsnet,"ah dis donc,rnbon on supprime le scroller fait maison, et on devra en créer un plus tard, je remets le scroll de windows en attendant, et le multifenêtrage permettra d'ouvrir plusieurs modules en différents endroits et états sans conflits",130331,imu137.infomaniak.ch,396
unanime.eu,Unanime,"Purée, ça fontionne, quel plaisir ! rn(Dommage, le scroller fait maison était d'un chic !)rnBon, maintenant, comment fait-on pour personnaliser la couverture du book ?rnDans le template 'book' ?",130331,gw8.ovh.net,396
unanime.eu,Unanime,"...Je voudrais, en effet, pouvoir rajouter sur la couverture le nom de l'auteur, l'éditeur, et éventuellement introduire une  image, le tout pour chaque 'book'. ",130331,gw8.ovh.net,396
philum.info,dev,"ben on peut pas personnaliser la couverture, pas avant d'avoir pensé ce que doit être la couverture d'un book : minimaliste, un saut de ligne par mot, et voilà ! hauteur variable.rnl'idée d'avoir un design insensible aux css locaux, le même pour tous, était une bonne idée.rnaprès ça doit être possible de se fabriquer un connecteur qui renvoie des données mises en forme et un lien vers le book.",130331,imu137.infomaniak.ch,396
unanime.eu,Unanime,"Avec  'book', disparition de la table des matières ( la petite popup qui s'ouvre à partir du moment où l'on clicke sur la couverture située dans la preview). Auparavant, je cliquais deux fois, j'obtenais deux petites tables...",130331,gw8.ovh.net,
unanime.eu,Unanime,"... Je cliquais ensuite sur l'une pour choisir mon chapitre, et le book s'ouvrait au chapitre désiré. Mais il restait la seconde à côté. Très pratique parce qu'elle restait sous forme de fenêtre TdM. Ce n'est plus le cas. Dés qu'on clique sur la seconde dorénavant, elle se transforme également popup book indexée sur le chapitre choisi.",130331,gw8.ovh.net,401
philum.info,dev,"ah oui c'était une émergence non voulue, la preuve d'un défaut ! ça ne marche pas tout le temps, pour ça il faudrait une sorte de télécommande, mais bon, maintenant qu'il est stable...",130331,imu137.infomaniak.ch,401
unanime.eu,Unanime,"ok, ce sera très  important car bien plus ergonomique, d'avoir (par la suite) une table des matières qui s'ouvre automatiquement dans une popup à côté. rnComme quoi les petits défauts...  !",130331,gw8.ovh.net,401
unanime.eu,Unanime,"Je pense que c'est en pleine évolution alors je n'ose intervenir, mais voici quelques remarques  à la volée suites aux dernières versions. J'effacerai ensuite:rn130403 : 'reconstruire cache' ouvre une popup et ne reconstruit plus le cache.rn'book' l'ascenseur windows a disparu. La popup ouverte depuis la vignette de couverture est trop large.rn130402: 'book' l'ascenseur et le défilement maison qui étaient restés, une fois le produit stabilisé lors de la dernière version, ont disparu.",130403,gw8.ovh.net,
philum.info,newsnet,"avec une largeur fixe on peut supprimer le scroll windows dans book, rnil faut etre sûr d'avoir les bonnes largeurs avec les nouvelles modifs (refaire un save_widths dans css)rnet aussi les templates ont été individualisés (restrictions 'local'), il faut vérifier que c'est celui par défaut, ou le perso inspiré de celui-làrn- rebuild est corrigé, une popup s'affiche",130403,imu137.infomaniak.ch,406
unanime.eu,Unanime,"'book' . Retour de l'ascenseur maison. Le 'book' fonctionne de nouveau, et bien ...  Il semble que les changements mettent du temps à être digérés en ce moment par les différents organes logiciel. Je ne sais pas si cela ne provient pas de l'hébergeur.",130403,gw8.ovh.net,
philum.info,newsnet,"quand il y a un doute pour relancer les caches css et js il faut rafraîchir la page, bien que l'update s'en charge normalement",130404,imu137.infomaniak.ch,409
philum.info,newsnet,"1 : non, google se débrouille assez bien, les articles liés sont associés dans les résultats à l'article de la page. rn2 : seo, connais pas, bouton 'no bots' : les robots s'y fient s'ils veulent, et certains sont killés d'office.rn",130406,imu137.infomaniak.ch,413
unanime.eu,Unanime,"Salutations distinguées pour un CMS de plus en plus distingué !",130410,gw8.ovh.net,
philum.info,newsnet,"Merci, rnet aussi de ne pas avoir fait remarquer que la mise à jour avait sauté ! (par inadvertance)",130411,imu137.infomaniak.ch,416
unanime.eu,Unanime,"Rires... Je sais bien que ça saute de temps en temps, l'essentiel est que je sais maintenant que  ça fonctionne. rn",130411,gw8.ovh.net,416
unanime.eu,Unanime,"Un problème qui persiste (en tout cas chez moi) : chaque fois que j'ouvre  une nouvelle session, je suis obligé depuis plusieurs versions, de faire 'logdown' pour obtenir les pages précédent la page d'accueil (en cliquant sur les numéros de page). Même punition pour les pages précédent les pages d'accueil des différentes catégories.rn",130412,gw8.ovh.net,
philum.info,newsnet,"Ah ok dans les pages, j'ai trouvé, il fallait que le sélecteur ignore qu'on soit dans la Home pour prendre le bon chemin",130412,imu137.infomaniak.ch,419
unanime.eu,Unanime,"Merci !",130412,gw8.ovh.net,419
unanime.eu,Unanime,"Parmi les choses qui ont nettement évolué (avec la dernière série de releases), à noter que ces derniers temps, lorsqu'il s'agissait de faire un update manuel, ça ne tournait pas rond. Je ne sais pas pourquoi, mais il fallait s'y prendre fichier par ficher, et ça mettait du temps. rnEn ce moment, peut-être grâce aux allègements, c'est du grand vrai bonheur. On peut pratiquer les update_all et ça dure 3 secondes.",130412,gw8.ovh.net,
philum.info,newsnet,"ah désolé je savais pas, rnsur le serveur de Patrick la mise à jour arrive même à ne prendre que 0,5 secondes http://philum.nous-les-dieux.org/rnc'est vrai qu'il est même plus puissant et rapide qu'à l'époque où il pesait 200Ko de moins",130412,imu137.infomaniak.ch,422
philum.nous-les-dieux.org,pat,"Heuh, c'est seulement pour signaler la chose... Hein, vous voudrez bien effacer ensuite...",130413,ks212745.kimsufi.com,425
unanime.eu,Unanime,"Je confirme ici ce que j'ai marqué ci-dessus.",130413,gw8.ovh.net,427
philum.info,newsnet,"ok vu merci !",130414,imu137.infomaniak.ch,429
unanime.eu,Unanime,"Suite aux améliorations ds les dernières versions, je procède actuellement à de nouveaux essais (pour mémoire mon AMT était stabilisé à 800 et ça marchait)... (C'est comme le taux d'hémoglobine)rnC'est prometteur. Je tiendrai au courant. ... Là, j'ai essayé un 5000, du coup j'ai perdu mon article 188 dans la manipe. Tant mieux,( il était mal parti , il faisait déjà 11 minutes et je l'ai dans la tête de toute façon)",130415,gw8.ovh.net,
philum.info,newsnet,"il est possible de récupérer le dernier enregistrement qui a échoué dans tools/last_saved",130415,imu137.infomaniak.ch,431
philum.info,newsnet,"et de faire des backups des articles...",130415,imu137.infomaniak.ch,431
w41k.info,newsnet,"à propos d'une question sur la jonction moteur de recherche interne et google : rnrncrawl-66-249-74-217.googlebot.comrn0416:1639.41rnrech:ovnisrnrneh oui direct ils ont compris comment faire",130416,imu137.infomaniak.ch,
philum.info,dev,"Le chat peut afficher les [connecteurs:b]",130423,imu137.infomaniak.ch,
unanime.eu,Unanime,"[good !:b]",130426,gw8.ovh.net,436
philum.info,newsnet,"ah oui mercirnil y a un chamboulement avec les plugins, car des protocoles sont devenus obsolètes",130426,imu137.infomaniak.ch,438
philum.info,newsnet,"en fait non, les tickets reçoivent finalement les miniconn:b (sans crochets, utilisés dans le chat et les commentaires) parce que c'est lieu technique",130426,imu137.infomaniak.ch,436
unanime.eu,Unanime,"Ah bon, good alors !:b:i mais ça fonctionne seulement avec le dernier mot:b ?",130429,gw8.ovh.net,436
philum.info,newsnet,"héhé, oui:i parce que il faut déterminer un début, alors c'est le dernier espace, mais bon c'est expérimentalrnl'intérêt des miniconn c'est surtout de fabriquer des connecteurs à la volée pour les vidéos et les images",130429,imu137.infomaniak.ch,436
unanime.eu,Unanime,"Bon:b d'accord:i !rnP.S.: oui, en effet, ça peut être vraiment un plus pour images et videos à la volée",130429,gw8.ovh.net,436
philum.info,newsnet,"j'ai fais quelques essais sur le chat, c'est rapide et on n'a souvent besoin de n'appliquer le style qu'à un mot.rnrnla concaténation est intéressante, c'est comme ça que marche le ""basic"" (pour écrire des plugins) mais comme il faut le réécrire, en passant ça a donné l'idée du micionn. rnrnle but c'est de pouvoir l'expliquer le plus rapidement possible au visiteur qui ne connaît rien. ",130429,imu137.infomaniak.ch,436
unanime.eu,Unanime,"Essai:b  x2t9u3:video",130430,gw8.ovh.net,
unanime.eu,Unanime,"Po:i mal:i !:i:b",130430,gw8.ovh.net,449
philum.info,newsnet,"vous pouvez faire des essais sur le chat, où on peut aussi effacer ses commentaires http://www.youtube.com/watch?v=DDIcaqYxYqQ",130430,imu137.infomaniak.ch,449
philum.info,newsnet,"ça marche pas après un saut de ligne...",130430,imu137.infomaniak.ch,449
unanime.eu,Unanime,"Euh, rn1 - chez moi, l'offre de commentaire a disparu sous les articles (ce qui signifie qu'on ne peut plus placer de commentaire). Ai-je omis une nouvelle commande ?rn2 - le déroulement du pavé des icônes est toujours là, mais pas dans les popup où les boutons ouvrant le détail des icônes sont toujours bloqués.rn",130501,gw8.ovh.net,
unanime.eu,Unanime,"Bonjour,rnJe trouve assez extraordinaire de pouvoir exporter un 'book' désormais. Je ferai une tentative pour en exporter un sur un site WP, par exemple.rnEnvisagez-vous que l'on puisse faire des 'book' en ePub ?",130501,gw8.ovh.net,
philum.info,dev,"il se peut que la réforme mysql ait bousculé les restrictions, les commentaires sont fermés et il y a sûrement un décalage",130501,imu137.infomaniak.ch,453
philum.info,dev,"surtout le plugin favs exporte les favoris dans un book, lui même exportable dans une iframe",130501,imu137.infomaniak.ch,454
unanime.eu,Unanime,"Exact, je suis bête, ma parole ! commentaires fermés dans restrictions, en effet !",130501,gw8.ovh.net,453
philum.info,newsnet,"et pour les sous-menus de l'admin ?",130501,imu137.infomaniak.ch,453
unanime.eu,Unanime,"Grave:b tout de même, de planer autant. Pour le batch, évidemment, c'est pareil !",130501,gw8.ovh.net,453
philum.info,dev,"ok j'ai vu le bug",130502,imu137.infomaniak.ch,464
unanime.eu,Unanime,"ça commence à le faire pas mal du tout !",130503,gw8.ovh.net,468
philum.info,newsnet,"bon on abandonne la concaténation, l'erreur ayant trop de répercussion",130503,imu137.infomaniak.ch,
unanime.eu,Unanime,"Po grave , on aura tout de même découvert dans la fumée de la bataille que la concaténation détermine la structure du réel (ou objet-pensée): pensée:objet:pensée:objet:objet:pensée, etcrnEt on aura pondu un article pour les implications quotidiennes du genre de celui-ci : unanime.eu-194rn;-)rnrn",130503,gw8.ovh.net,470
philum.info,newsnet,"bon finalement ils peuvent rester !rn(la concaténation est une structure du langage, parfois d'imbrication)",130504,imu137.infomaniak.ch,470
philum.info,newsnet,"les tickets passent sur le chat,rnle canal 'tickets' est différent des autres car je reçois les appels par mail",130504,imu137.infomaniak.ch,
unanime.eu,Unanime,"Ouf, ça me fait bien plaisir:b:i !",130504,gw8.ovh.net,470
